,PLAYER,POS,FPTS,C,F,STD,VOR,VALUERANK,AVG,ADPRANK,SLEEPERSCORE,ECR,CI,IJ%,PGM,IPG%,D
0,Jonathan Taylor,RB,335.8236399187692,348.1333333333334,324.0209370173333,8.563827293885902,212.86685097682965,1.0,1.0,1.0,0.0,2.0,3.0,61%,1.8,5.4%,5.0
1,Austin Ekeler,RB,322.8088558958445,348.4666666666667,297.029001772,18.032283518188787,199.85206695390497,2.0,3.3,3.0,1.0,3.0,10.0,85%,3.5,10.6%,5.0
2,Christian McCaffrey,RB,318.2567345920229,327.78345057866665,308.58345057866666,7.524876417842471,195.29994565008343,3.0,2.8,2.0,-1.0,1.0,6.0,84%,2.2,10.2%,5.0
3,Cooper Kupp,WR,355.2848312728827,384.9666666666667,326.287331902,20.750062089877492,175.4545789932046,4.0,4.2,4.0,0.0,7.0,5.0,75%,2.0,7.8%,5.0
4,Josh Allen,QB,414.359915337317,444.7333333333333,383.84866486,22.04037270992863,162.86871696799847,5.0,21.3,22.0,17.0,35.0,6.0,26%,1.0,1.8%,3.0
5,Travis Kelce,TE,283.8319053279184,315.06666666666666,252.4092007611333,22.0723408629962,162.65501818719125,6.0,14.0,13.0,7.0,10.0,8.0,42%,0.7,3.2%,5.0
6,Derrick Henry,RB,284.53570427776907,293.9666666666667,274.96855853733337,7.405431700237776,161.57891533582955,7.0,4.5,5.0,-2.0,8.0,4.0,89%,1.9,12.2%,5.0
7,Najee Harris,RB,282.13398625343024,297.6,266.56281904400004,11.47687539713174,159.17719731149072,8.0,7.2,7.0,-1.0,6.0,6.0,53%,1.7,4.3%,5.0
8,Dalvin Cook,RB,274.04491921811945,287.03333333333336,261.13185689733336,9.93678301731068,151.08813027617992,9.0,7.7,8.0,-1.0,4.0,12.0,94%,3.6,15.3%,3.0
9,Alvin Kamara,RB,270.8756022190837,278.1333333333333,263.807109704,5.624356126480772,147.91881327714418,10.0,17.5,17.0,7.0,18.0,6.0,74%,2.7,7.6%,4.0
10,Joe Mixon,RB,268.050690551636,274.1,262.04729208000003,4.384902750489691,145.0939016096965,11.0,10.5,10.0,-1.0,9.0,7.0,88%,2.0,11.7%,5.0
11,Leonard Fournette,RB,267.8946679042711,275.5,260.30408844933334,5.722961728640509,144.93787896233158,12.0,23.7,25.0,13.0,20.0,11.0,87%,2.2,11.3%,4.0
12,Mark Andrews,TE,261.7134347629344,278.2333333333333,245.2754197653333,12.039162361170492,140.53654762220728,13.0,21.8,23.0,10.0,19.0,4.0,35%,0.7,2.5%,5.0
13,Patrick Mahomes,QB,383.7646723658336,408.8666666666666,358.32984769599994,18.456824281690672,132.273473996515,14.0,33.3,32.0,18.0,46.0,5.0,16%,0.9,1%,5.0
14,D'Andre Swift,RB,253.4906061459755,256.6051302293334,250.33333333333331,2.212293875095076,130.53381720403598,15.0,14.5,14.0,-1.0,11.0,5.0,88%,2.7,11.7%,4.0
15,Aaron Jones,RB,250.56639617828367,256.8666666666667,244.22160992533333,4.480628000628651,127.60960723634422,16.0,19.7,19.0,3.0,17.0,9.0,87%,3.4,11.3%,5.0
16,Justin Jefferson,WR,306.7431119354116,317.1666666666667,296.44665594693333,7.647697272356899,126.91285965573351,17.0,5.7,6.0,-11.0,5.0,3.0,61%,1.6,5.4%,5.0
17,Saquon Barkley,RB,240.49994424767735,247.63333333333333,233.48913296533337,5.1776910142539565,117.54315530573788,18.0,22.8,24.0,6.0,16.0,7.0,82%,2.5,9.6%,1.0
18,James Conner,RB,240.42274224431333,242.3209878,238.4543211333333,1.390608169937294,117.46595330237382,19.0,31.7,31.0,12.0,31.0,10.0,83%,2.5,9.9%,5.0
19,Javonte Williams,RB,238.60799121454792,238.948280674,238.28161400733333,0.2387898781992675,115.65120227260842,20.0,20.7,21.0,1.0,25.0,1.0,41%,2.1,3.1%,5.0
20,Justin Herbert,QB,365.7423878291613,394.0,337.225535676,20.33559375581319,114.25118945984276,21.0,35.8,36.0,15.0,43.0,3.0,15%,1.4,1%,5.0
21,Ja'Marr Chase,WR,290.95994101174904,299.1333333333334,282.827884428,6.007477996236151,111.12968873207096,22.0,8.8,9.0,-13.0,12.0,1.0,34%,1.1,2.4%,5.0
22,Davante Adams,WR,288.4557525729293,309.7,267.1836069493333,15.286226073871862,108.62550029325124,23.0,11.2,11.0,-12.0,14.0,10.0,83%,3.6,9.9%,5.0
23,Lamar Jackson,QB,359.9965870884436,392.7,327.78772605066666,23.036521674468155,108.50538871912504,24.0,48.0,49.0,25.0,49.0,5.0,9%,0.4,0.6%,5.0
24,Jalen Hurts,QB,357.9562358226692,385.0,330.2757377773333,19.642316364618484,106.46503745335065,25.0,65.8,62.0,37.0,68.0,2.0,12%,1.1,0.7%,5.0
25,David Montgomery,RB,225.67094360680747,229.4333333333333,221.881535104,2.697259500198908,102.71415466486796,26.0,34.2,34.0,8.0,38.0,4.0,76%,1.5,8.1%,5.0
26,Stefon Diggs,WR,279.6135429396336,293.40000000000003,265.636422496,9.82345366741548,99.7832906599555,27.0,12.8,12.0,-15.0,13.0,7.0,39%,1.6,2.9%,5.0
27,Nick Chubb,RB,220.89794067690576,224.0666666666667,217.84770535066664,2.415123415888963,97.94115173496624,28.0,17.3,16.0,-12.0,27.0,4.0,60%,0.6,5.2%,5.0
28,Kyler Murray,QB,348.4211090916112,370.7,326.0785379960001,15.753737860377187,96.92991072229262,29.0,59.5,56.0,27.0,66.0,5.0,26%,1.2,1.8%,5.0
29,Deebo Samuel,WR,275.3714200026234,286.2333333333333,264.62576451600006,7.626429726590901,95.54116772294527,30.0,17.2,15.0,-15.0,24.0,12.0,74%,2.4,7.6%,2.0
30,Tom Brady,QB,345.576325819848,373.76666666666665,317.32737221133334,20.405383144958577,94.08512745052946,31.0,81.0,81.0,50.0,81.0,7.0,5%,0.6,0.3%,5.0
31,JK Dobbins,RB,213.63289999999995,219.2,208.2,3.892396124497095,90.67611105806044,32.0,50.2,50.0,18.0,48.0,3.0,79%,2.8,8.8%,5.0
32,Dak Prescott,QB,341.9739595306973,360.4666666666667,323.4091602826666,13.228075839098606,90.48276116137872,33.0,78.5,76.0,43.0,85.0,6.0,11%,1.2,0.7%,3.0
33,Cam Akers,RB,213.35149817817972,223.85144487466667,202.63333333333333,7.570427443758894,90.39470923624025,34.0,36.2,37.0,3.0,40.0,4.0,57%,1.2,4.8%,4.0
34,Ezekiel Elliott,RB,212.91343955250773,220.477633578,205.41096691133336,5.9024989449649325,89.95665061056822,35.0,29.7,29.0,-6.0,32.0,,,,,
35,Breece Hall,RB,210.514201236603,211.08172701933336,209.948393686,0.460039435941971,87.55741229466348,36.0,51.2,52.0,16.0,39.0,,,,,
36,Josh Jacobs,RB,210.49495457280577,212.59545475066665,208.36666666666665,1.5263484097839208,87.53816563086626,37.0,44.3,45.0,8.0,51.0,7.0,68%,1.8,6.5%,4.0
37,CeeDee Lamb,WR,266.97617610762,274.1666666666667,259.81230958866666,5.136307324335494,87.14592382794191,38.0,18.0,18.0,-20.0,15.0,5.0,24%,1.5,1.6%,5.0
38,Travis Etienne,RB,205.946425,213.1,198.8,5.097602766926326,82.98963605806047,39.0,45.3,47.0,8.0,37.0,3.0,77%,1.7,8.3%,5.0
39,Darren Waller,TE,203.88143248401,215.5,192.1565470533333,8.50342242413695,82.70454534328286,40.0,46.7,48.0,8.0,54.0,9.0,41%,2.1,3.1%,5.0
40,Kyle Pitts,TE,202.15217093103567,205.9,198.39306759866668,2.8164837188294127,80.97528379030854,41.0,34.8,35.0,-6.0,33.0,4.0,73%,2.6,7.4%,0.0
41,Aaron Rodgers,QB,330.49098271634693,351.8666666666666,309.661631772,16.23151900233745,78.99978434702837,42.0,82.0,85.0,43.0,98.0,10.0,14%,0.7,0.9%,5.0
42,Tyreek Hill,WR,258.7718926846083,264.9666666666667,252.52736923333336,4.7544514299949165,78.94164040493021,43.0,20.2,20.0,-23.0,21.0,7.0,75%,2.7,7.8%,5.0
43,Antonio Gibson,RB,201.87201646094232,205.56605988400003,198.16666666666663,2.750539715915612,78.91522751900281,44.0,43.0,42.0,-2.0,52.0,5.0,56%,0.8,4.7%,5.0
44,George Kittle,TE,200.03960196738527,216.5666666666667,183.6963478533333,12.002192649019278,78.86271482665819,45.0,41.3,39.0,-6.0,50.0,10.0,92%,3.1,13.8%,5.0
45,Keenan Allen,WR,254.78313548952255,268.2,241.633110476,9.745673368663317,74.95288320984449,46.0,28.5,27.0,-19.0,22.0,12.0,79%,4.4,8.8%,4.0
46,Matthew Stafford,QB,325.9170505080626,356.7333333333333,295.8389044146667,21.93521781377287,74.425852138744,47.0,89.8,90.0,43.0,101.0,18.0,12%,1.7,0.7%,4.0
47,Joe Burrow,QB,323.39698049288404,342.1666666666667,304.3412423946667,13.448517772624015,71.90578212356547,48.0,60.5,57.0,9.0,77.0,9.0,65%,1.5,6%,0.0
48,Russell Wilson,QB,322.75966929349966,342.8333333333333,303.117536196,15.501599657535571,71.26847092418109,49.0,81.3,82.0,33.0,84.0,3.0,12%,1.1,0.7%,5.0
49,Miles Sanders,RB,193.60671784071505,200.37891974,187.0666666666667,4.95954452879027,70.64992889877551,50.0,70.8,72.0,22.0,71.0,8.0,94%,3.9,15.3%,5.0
50,Michael Pittman,WR,249.84543499999995,254.0,245.7,2.9418166854471104,70.01518272032186,51.0,38.5,38.0,-13.0,26.0,6.0,91%,2.7,13.2%,4.0
51,Dalton Schultz,TE,190.457341698596,196.63333333333333,184.27411900666667,4.6243530220889,69.28045455786886,52.0,62.5,58.0,6.0,62.0,2.0,15%,1.9,1%,5.0
52,Tee Higgins,WR,246.46387834831617,250.83333333333331,242.08540063733332,3.561132665839257,66.63362606863808,53.0,33.3,33.0,-20.0,28.0,6.0,91%,3.9,13.2%,5.0
53,Elijah Mitchell,RB,188.89168143143027,198.26176778266665,179.63333333333333,7.605960813639251,65.93489248949076,54.0,50.8,51.0,-3.0,56.0,,,,,
54,Tony Pollard,RB,187.42403034741608,196.33333333333331,178.5096976013334,6.358329115332428,64.46724140547657,55.0,81.7,84.0,29.0,74.0,1.0,49%,1.2,3.9%,5.0
55,Mike Evans,WR,243.91017290667224,254.76666666666665,233.2209300013333,8.73036085810015,64.07992062699415,56.0,27.0,26.0,-30.0,23.0,11.0,46%,1.9,3.6%,5.0
56,Damien Harris,RB,185.608440608082,192.6,178.47005291999997,5.266811617750132,62.65165166614248,57.0,69.3,68.0,11.0,76.0,9.0,88%,3.5,11.7%,4.0
57,Trey Lance,QB,313.95700571949425,334.00000000000006,293.73850743866666,14.195040517502877,62.46580735017568,58.0,104.2,101.0,43.0,97.0,3.0,10%,0.8,0.6%,5.0
58,DJ Moore,WR,241.27176896918,248.2,234.34790957666667,5.040629919805901,61.44151668950192,59.0,44.0,43.0,-16.0,30.0,4.0,59%,1.1,5.1%,5.0
59,Devin Singletary,RB,184.29748296211156,186.74308798266668,181.76666666666665,1.829305508255096,61.34069402017202,60.0,81.5,83.0,23.0,79.0,1.0,91%,3.7,13.2%,5.0
60,Jaylen Waddle,WR,239.44073875504773,249.6,229.4835665306667,8.076940702671859,59.61048647536964,61.0,41.8,40.0,-21.0,36.0,2.0,43%,1.7,3.3%,2.0
61,Cordarrelle Patterson,RB,181.88088922969547,188.7,175.13508584133334,5.077546154255243,58.92410028775596,62.0,80.8,79.0,17.0,83.0,10.0,89%,2.6,12.2%,5.0
62,AJ Brown,WR,237.9119,239.6,236.2,1.202263028625602,58.08164772032191,63.0,30.5,30.0,-33.0,29.0,6.0,50%,1.2,4%,5.0
63,Kirk Cousins,QB,309.1967848485985,338.76666666666665,279.2706310726667,21.30224411747417,57.70558647927999,64.0,122.8,117.0,53.0,110.0,1.0,5%,0.2,0.3%,5.0
64,Kareem Hunt,RB,180.52947051003468,187.77443981,173.50777314333334,5.116820000680621,57.57268156809518,65.0,80.8,80.0,15.0,72.0,6.0,20%,0.4,1.3%,5.0
65,Clyde Edwards-Helaire,RB,179.87605283130375,183.13333333333333,176.65204508933334,2.435126000858818,56.919263889364245,66.0,65.3,61.0,-5.0,70.0,6.0,91%,3.1,13.2%,2.0
66,Diontae Johnson,WR,233.80109076786496,242.6,225.15612286,6.367707705945895,53.97083848818687,67.0,44.0,44.0,-23.0,34.0,6.0,84%,3.8,10.2%,5.0
67,Brandin Cooks,WR,232.75074037094464,241.3,224.0049167933333,6.928663026835846,52.92048809126655,68.0,55.3,54.0,-14.0,42.0,5.0,34%,1.0,2.4%,5.0
68,Chase Edmonds,RB,174.11294202811465,187.5,160.81874842666664,9.42368813902275,51.15615308617514,69.0,93.0,93.0,24.0,67.0,9.0,89%,4.1,12.2%,5.0
69,AJ Dillon,RB,173.03272140785003,180.9333333333333,165.09289505333334,6.412354114517616,50.075932465910526,70.0,66.7,64.0,-6.0,55.0,5.0,82%,1.9,9.6%,5.0
70,Dallas Goedert,TE,169.77119695341574,181.0666666666667,158.35599278533334,8.087197712989505,48.59430981268861,71.0,78.8,78.0,7.0,86.0,6.0,58%,0.9,5%,5.0
71,Mike Williams,WR,227.5395691554149,237.03333333333333,217.95878995466668,6.915818408941901,47.70931687573682,72.0,52.8,53.0,-19.0,45.0,7.0,93%,2.9,14.5%,2.0
72,TJ Hockenson,TE,166.60138,166.9,166.3,0.2103808346784448,45.42449285927288,73.0,67.3,65.0,-8.0,75.0,6.0,74%,3.7,7.6%,5.0
73,Derek Carr,QB,295.8495780795102,320.1,271.33261684133333,17.530811941064567,44.35837971019163,74.0,110.3,108.0,34.0,113.0,9.0,36%,1.7,2.6%,5.0
74,Chris Godwin,WR,224.11085492598897,241.86666666666665,206.4493387533333,13.309753992251332,44.28060264631088,75.0,58.2,55.0,-20.0,65.0,7.0,58%,1.4,5%,5.0
75,Terry McLaurin,WR,223.73861684566376,226.510272654,220.910272654,2.11657931744809,43.90836456598569,76.0,42.2,41.0,-35.0,41.0,6.0,78%,2.1,8.5%,5.0
76,Allen Robinson,WR,221.74603,241.6,201.9,14.005155648513869,41.9157777203219,77.0,69.5,69.0,-8.0,53.0,10.0,93%,2.8,14.5%,4.0
77,Marquise Brown,WR,221.10485581267,229.66666666666663,212.45713452000004,6.662001431725608,41.27460353299193,78.0,68.2,66.0,-12.0,58.0,9.0,91%,3.6,13.2%,5.0
78,Michael Thomas,WR,220.6299502631467,241.33333333333331,199.82244004666669,14.580445641993084,40.79969798346861,79.0,74.2,73.0,-6.0,59.0,5.0,81%,1.9,9.3%,3.0
79,Zach Ertz,TE,161.7984745391233,172.0333333333333,151.48416491333333,7.361982094902225,40.62158739839617,80.0,91.8,92.0,12.0,93.0,11.0,89%,4.6,12.2%,5.0
80,Rhamondre Stevenson,RB,163.37030544441413,170.52883897866667,156.1,5.6141011384093,40.41351650247462,81.0,109.0,105.0,24.0,87.0,3.0,25%,1.1,1.7%,5.0
81,Mike Gesicki,TE,159.1218946333732,170.23333333333335,148.051002184,8.35295785615749,37.945007492646056,82.0,116.3,111.0,29.0,126.0,2.0,31%,0.7,2.2%,5.0
82,Melvin Gordon,RB,158.954095,163.5,154.4,3.202176054025604,35.99730605806049,83.0,101.7,99.0,16.0,90.0,12.0,92%,4.5,13.8%,5.0
83,DK Metcalf,WR,215.12226424995927,220.12824707466663,210.19491374133332,3.779238421161597,35.29201197028118,84.0,45.2,46.0,-38.0,47.0,5.0,41%,1.9,3.1%,2.0
84,Rashaad Penny,RB,157.58249365783678,168.7829223426667,146.316255676,7.963261936041098,34.62570471589727,85.0,84.7,87.0,2.0,82.0,7.0,66%,2.0,6.1%,4.0
85,Courtland Sutton,WR,214.41204453782652,219.77175059066667,209.105083924,4.091189272141939,34.581792258148454,86.0,64.7,60.0,-26.0,44.0,5.0,47%,1.8,3.7%,2.0
86,Jerry Jeudy,WR,213.76592568990029,215.84574780133332,211.712414468,1.6122561325602902,33.93567341022219,87.0,66.2,63.0,-24.0,60.0,6.0,85%,2.7,10.6%,5.0
87,Trevor Lawrence,QB,284.82003100023286,305.6333333333333,264.0488032906667,15.288236909172635,33.32883263091429,88.0,162.7,157.0,69.0,145.0,4.0,9%,0.5,0.6%,5.0
88,Darnell Mooney,WR,211.6376192153536,212.914701544,210.38136821066664,0.9974110729757972,31.807366935675475,89.0,70.5,71.0,-18.0,57.0,3.0,79%,2.2,8.8%,5.0
89,Ryan Tannehill,QB,283.2934852905354,306.3333333333333,260.68281546799994,16.306175293986858,31.80228692121682,90.0,184.7,184.0,94.0,176.0,4.0,13%,1.0,0.8%,5.0
90,Pat Freiermuth,TE,151.98425467034232,158.33333333333334,145.492880972,4.758196012516472,30.807367529615192,91.0,116.3,112.0,21.0,105.0,3.0,13%,0.4,0.8%,5.0
91,Tua Tagovailoa,QB,279.50523800846184,295.7333333333333,263.078887564,11.567037346138443,28.01403963914328,92.0,138.8,127.0,35.0,132.0,9.0,73%,2.2,7.4%,2.0
92,James Robinson,RB,150.7652916277762,159.865330308,141.53333333333333,6.934235521303284,27.8085026858367,93.0,107.8,104.0,11.0,122.0,3.0,72%,1.3,7.2%,5.0
93,JuJu Smith-Schuster,WR,206.6000189407365,212.66666666666663,200.58220137866667,4.23335922919102,26.76976666105841,94.0,82.3,86.0,-8.0,69.0,12.0,91%,3.6,13.2%,5.0
94,Dameon Pierce,RB,149.4657155364002,171.93259762466667,127.53259762466666,18.043065599692167,26.508926594460704,95.0,142.3,134.0,39.0,114.0,,,,,
95,Adam Thielen,WR,205.9191952207337,214.9333333333333,196.99057935333332,6.416183840009039,26.08894294105562,96.0,69.7,70.0,-26.0,78.0,7.0,67%,2.1,6.3%,5.0
96,Hunter Renfrow,WR,205.3941310672816,208.63333333333333,202.06285234933335,2.611376697490555,25.5638787876035,97.0,78.0,74.0,-23.0,88.0,3.0,63%,1.5,5.7%,3.0
97,Amari Cooper,WR,205.372884413861,206.3237864813333,204.4333333333333,0.6817695149983313,25.54263213418289,98.0,62.7,59.0,-39.0,61.0,14.0,53%,1.4,4.3%,5.0
98,Hunter Henry,TE,144.7803436506955,149.52382945066665,139.99049611733332,3.369706853508535,23.603456509968368,99.0,146.7,139.0,40.0,128.0,7.0,65%,1.8,6%,2.0
99,Rashod Bateman,WR,202.64437145188117,208.8785405926667,196.47854059266663,4.907870670365086,22.81411917220305,100.0,93.2,94.0,-6.0,64.0,2.0,16%,0.3,1%,5.0
100,Gabriel Davis,WR,201.3168119297288,208.435129774,194.1684631073333,5.655146773637805,21.486559650050708,101.0,78.7,77.0,-24.0,80.0,2.0,12%,1.0,0.7%,5.0
101,Tyler Higbee,TE,142.51414831091213,149.66666666666666,135.10127885733334,5.302963619861207,21.337261170185,102.0,182.8,183.0,81.0,148.0,8.0,79%,2.7,8.8%,5.0
102,Cole Kmet,TE,141.96189117189172,144.6,139.29972284266665,1.8944220261236535,20.78500403116459,103.0,140.0,131.0,28.0,108.0,2.0,63%,1.5,5.7%,4.0
103,Gerald Everett,TE,141.73218961795993,153.0,130.74277409466666,8.02273746299271,20.5553024772328,104.0,190.2,193.0,89.0,149.0,4.0,45%,1.5,3.5%,5.0
104,Noah Fant,TE,141.12834707028497,145.27754612133336,136.944212788,3.0627169860106944,19.951459929557814,105.0,166.5,163.0,58.0,137.0,6.0,89%,3.1,12.2%,5.0
105,Jameis Winston,QB,270.89882302278073,295.3666666666667,245.83654798933333,18.33578976761887,19.407624653462165,106.0,181.2,179.0,73.0,156.0,7.0,29%,0.9,2%,5.0
106,Matt Ryan,QB,270.4030323053196,296.96666666666664,243.789723652,19.090233619608192,18.911833936001017,107.0,166.2,162.0,55.0,164.0,3.0,10%,0.6,0.6%,5.0
107,Dawson Knox,TE,139.554283677506,142.83333333333334,136.26222024666666,2.3777875400728257,18.37739653677886,108.0,97.3,96.0,-12.0,111.0,3.0,85%,2.9,10.6%,5.0
108,Tyler Lockett,WR,196.47262449744983,203.88994055600003,189.15660722266665,5.22578400107067,16.642372217771765,109.0,91.2,91.0,-18.0,94.0,5.0,49%,1.5,3.9%,5.0
109,Michael Carter,RB,139.45078736415735,144.16428189333337,134.70000000000002,3.3476741024989534,16.493998422217842,110.0,110.0,107.0,-3.0,106.0,3.0,19%,0.8,1.2%,5.0
110,David Njoku,TE,137.41245858323435,139.0666666666667,135.77651270533332,1.171972918337966,16.235571442507222,111.0,171.7,169.0,58.0,152.0,3.0,81%,5.9,9.3%,3.0
111,Christian Kirk,WR,195.5590828476078,204.552791234,186.95279123400005,6.715591996806806,15.72883056792972,112.0,107.0,102.0,-10.0,96.0,3.0,84%,2.4,10.2%,5.0
112,Justin Fields,QB,267.0259644336056,275.8333333333333,258.4080232586667,6.262681794646715,15.534766064287057,113.0,147.7,140.0,27.0,136.0,6.0,13%,2.8,0.8%,5.0
113,James Cook,RB,138.424944689183,139.53333333333333,137.328756244,0.7974717581828077,15.4681557472435,114.0,117.3,114.0,0.0,104.0,,,,,
114,Robert Woods,WR,195.0128759519908,203.33333333333331,186.57980958066665,6.37263890027416,15.182623672312673,115.0,102.7,100.0,-15.0,102.0,12.0,91%,2.9,13.2%,5.0
115,Elijah Moore,WR,193.6382840363992,198.6,188.692213936,3.644545131682767,13.808031756721109,116.0,86.5,88.0,-28.0,73.0,2.0,16%,0.6,1%,5.0
116,Austin Hooper,TE,134.14582309188293,143.84174858933332,124.508415256,7.74136747851729,12.9689359511558,117.0,210.7,215.0,98.0,170.0,4.0,22%,0.9,1.5%,5.0
117,Nyheim Hines,RB,135.45021647832445,141.66837146266667,129.29999999999998,4.610476768648085,12.493427536384942,118.0,137.0,125.0,7.0,107.0,3.0,41%,1.7,3.1%,5.0
118,Evan Engram,TE,133.18309521294367,141.20000000000002,125.37722259333334,5.984191394602533,12.006208072216538,119.0,185.3,186.0,67.0,160.0,9.0,92%,3.8,13.8%,5.0
119,DeVonta Smith,WR,191.30240967936663,196.82249801666669,185.75583135,4.004675835710043,11.47215739968857,120.0,87.7,89.0,-31.0,89.0,6.0,89%,3.7,12.2%,5.0
120,Daniel Jones,QB,261.24687411539463,265.2,257.240064612,2.9961594863046463,9.755675746076063,121.0,233.8,254.0,133.0,190.0,7.0,61%,1.7,5.4%,5.0
121,JD McKissic,RB,131.16712500000003,138.0,124.3,4.8198585543950365,8.21033605806052,122.0,148.0,141.0,19.0,121.0,2.0,9%,0.5,0.6%,5.0
122,Irv Smith,TE,129.17012000000005,132.8,125.6,2.541587532547331,7.993232859272894,123.0,160.8,156.0,33.0,142.0,4.0,22%,0.5,1.5%,5.0
123,Drake London,WR,184.67013835190411,190.35695591866667,179.0,4.02544709236156,4.839886072226051,124.0,99.7,97.0,-27.0,92.0,,,,,
124,Albert Okwuegbunam,TE,125.638146085032,129.33333333333334,121.90491181733334,2.641981284640078,4.461258944304873,125.0,169.5,168.0,43.0,144.0,6.0,90%,2.8,12.7%,0.0
125,Darrell Henderson,RB,126.85385,130.7,123.0,2.714725064808585,3.897061058060487,126.0,131.2,121.0,-5.0,115.0,8.0,91%,2.6,13.2%,5.0
126,Carson Wentz,QB,255.01283503071284,256.38758486266664,253.65425152933332,0.967420731370488,3.521636661394268,127.0,214.5,218.0,91.0,211.0,8.0,77%,2.1,8.3%,4.0
127,Kenneth Gainwell,RB,125.92157463048198,144.79999999999998,107.31072986,13.39473342069848,2.9647856885424773,128.0,166.8,165.0,37.0,125.0,0.0,11%,0.4,0.7%,5.0
128,Jared Goff,QB,253.59783426592588,266.8,240.2212890986667,9.612177361872275,2.1066358966073158,129.0,228.2,238.0,109.0,222.0,4.0,45%,1.7,3.5%,5.0
129,Isaiah Spiller,RB,124.3168551452024,130.16226521533335,118.428931882,4.487185828665205,1.360066203262889,130.0,150.8,143.0,13.0,129.0,,,,,
130,Allen Lazard,WR,180.322271304494,184.317009249,176.38367591566666,3.15044601784516,0.4920190248158747,131.0,111.3,109.0,-22.0,99.0,2.0,15%,0.3,1%,5.0
131,Brandon Aiyuk,WR,180.2547752366819,183.5446927226667,176.94469272266667,2.4355119296524226,0.4245229570037736,132.0,96.5,95.0,-37.0,91.0,4.0,51%,1.7,4.1%,5.0
132,Jamaal Williams,RB,122.95678894193952,125.93333333333334,119.925199192,2.443247870978625,0.0,134.5,164.5,159.0,24.5,134.0,10.0,91%,2.4,13.2%,5.0
133,Mac Jones,QB,251.49119836931857,259.56666666666666,243.6054474906667,6.337775095626155,0.0,134.5,181.0,178.0,43.5,183.0,1.0,11%,1.6,0.7%,5.0
134,Chase Claypool,WR,179.8302522796781,181.6720074543333,178.00534078766668,1.361323172793126,0.0,134.5,109.2,106.0,-28.5,112.0,5.0,37%,2.5,2.7%,5.0
135,Robert Tonyan,TE,121.17688714072712,123.73534680466666,118.60201347133334,1.8290421221706403,0.0,134.5,182.7,181.0,46.5,153.0,3.0,54%,1.2,4.5%,5.0
136,Kadarius Toney,WR,177.33602563108172,185.5706590886667,169.16666666666666,5.849251371654365,-2.494226648596367,137.0,120.2,116.0,-21.0,103.0,10.0,85%,4.4,10.6%,2.0
137,Tyler Allgeier,RB,120.03214268678026,150.33333333333334,89.98884964533333,22.565509144024183,-2.924646255159246,138.0,172.2,170.0,32.0,140.0,,,,,
138,Logan Thomas,TE,118.1285057208232,129.36666666666667,106.87664744933332,8.677215419633308,-3.0483814199039188,139.0,230.0,242.0,103.0,177.0,4.0,23%,1.4,1.5%,5.0
139,Treylon Burks,WR,175.8399453042328,176.9333333333333,174.73161742133334,0.847923446318182,-3.990306975445293,140.0,116.0,110.0,-30.0,109.0,,,,,
140,Jakobi Meyers,WR,175.544950439516,177.76666666666665,173.310802484,1.5983721021533095,-4.285301840162106,141.0,158.7,151.0,10.0,119.0,1.0,35%,0.9,2.5%,5.0
141,Raheem Mostert,RB,118.53993242322576,121.10978551533334,115.976452182,1.8134040349649212,-4.416856518713757,142.0,145.3,138.0,-4.0,141.0,10.0,92%,3.0,13.8%,2.0
142,Hayden Hurst,TE,116.34333324321156,123.51868551066669,109.33333333333331,5.674920292790716,-4.833553897515586,143.0,209.7,213.0,70.0,189.0,5.0,51%,1.8,4.1%,5.0
143,Alexander Mattison,RB,116.21601670914026,120.40861603066666,112.00861603066666,3.3733614744781177,-6.7407722327992445,144.0,123.2,118.0,-26.0,117.0,3.0,45%,3.4,3.5%,5.0
144,Zach Wilson,QB,244.66909135110137,250.8,238.5756556266667,4.3848021450472965,-6.822107018217196,145.0,241.2,270.0,125.0,208.0,3.0,17%,0.5,1.1%,4.0
145,Russell Gage,WR,172.48118550324523,179.75234495866667,165.35234495866666,5.360580785669678,-7.349066776432863,146.0,123.3,119.0,-27.0,120.0,7.0,70%,1.8,6.8%,5.0
146,Marvin Jones,WR,170.37311999999997,187.2,153.6,11.82459189425157,-9.45713227967812,147.0,216.8,220.0,73.0,175.0,9.0,88%,2.3,11.7%,4.0
147,Tyler Boyd,WR,167.69292772428997,169.58157956633332,165.7815795663333,1.3869266972878578,-12.13732455538812,148.0,132.2,122.0,-26.0,118.0,3.0,72%,2.2,7.2%,5.0
148,Darrel Williams,RB,109.60818724307732,127.105522266,92.23885559933332,13.44579203637611,-13.348601698862185,149.0,160.5,155.0,6.0,158.0,6.0,80%,2.9,9%,5.0
149,Kenyan Drake,RB,108.6671614180864,114.59198009066668,102.79198009066666,4.429948546087885,-14.2896275238531,150.0,201.0,202.0,52.0,196.0,9.0,49%,0.9,3.9%,5.0
150,Garrett Wilson,WR,164.90683632979912,176.72057561933337,153.23333333333335,9.459177944972184,-14.923415949878972,151.0,134.5,123.0,-28.0,123.0,,,,,
151,Marlon Mack,RB,107.71977324205491,120.66032182133334,94.86032182133332,9.816858596990162,-15.23701569988458,152.0,158.7,153.0,1.0,159.0,7.0,80%,4.2,9%,2.0
152,Robbie Anderson,WR,164.44151274145796,169.93193587333334,158.93193587333334,3.9119704712407226,-15.388739538220136,153.0,203.5,204.0,51.0,166.0,4.0,81%,2.6,9.3%,5.0
153,DeVante Parker,WR,164.38102509059934,179.4333333333333,148.890211368,10.913178107010005,-15.449227189078757,154.0,156.0,148.0,-6.0,131.0,17.0,84%,2.6,10.2%,4.0
154,Kenny Golladay,WR,164.3803348868016,166.92006017933332,161.786726846,1.8296766096013324,-15.4499173928765,155.0,166.5,164.0,9.0,135.0,10.0,90%,3.3,12.7%,3.0
155,Brevin Jordan,TE,103.6835634000676,106.58215678133335,100.73333333333336,2.26925171101853,-17.49332374065952,156.0,257.3,293.0,137.0,224.0,5.0,82%,3.4,9.6%,3.0
156,Rex Burkhead,RB,105.3592896388776,108.80001909066668,101.86666666666667,2.608130144749982,-17.597499303061895,157.0,283.8,325.0,168.0,253.0,9.0,83%,3.8,9.9%,3.0
157,Mark Ingram,RB,104.85076999999998,105.2,104.5,0.2469907024565915,-18.106018941939524,158.0,172.7,171.0,13.0,169.0,9.0,81%,3.6,9.3%,5.0
158,DeAndre Hopkins,WR,161.33970662893523,167.9,154.798230072,4.703970140636573,-18.49054565074286,159.0,78.3,75.0,-84.0,100.0,14.0,58%,2.7,5%,5.0
159,Rachaad White,RB,104.4622071060122,111.0,97.90305735866669,4.752925955132113,-18.494581835927303,160.0,164.4,158.0,-2.0,147.0,,,,,
160,Chris Olave,WR,159.96323457183,170.46987878,149.53333333333333,7.877709221696595,-19.867017707848103,161.0,119.5,115.0,-46.0,116.0,,,,,
161,Skyy Moore,WR,159.85297027827465,170.28928467733334,149.42261801066667,7.4335174831002755,-19.97728200140344,162.0,140.2,132.0,-30.0,124.0,,,,,
162,KJ Osborn,WR,158.52437999999998,187.2,130.1,20.15518061480968,-21.305872279678116,163.0,216.4,219.0,56.0,186.0,,,,,
163,Mecole Hardman,WR,157.8130378267768,162.6,153.00575968533332,3.6456841421275374,-22.0172144529013,164.0,156.2,150.0,-14.0,163.0,1.0,49%,1.6,3.9%,5.0
164,George Pickens,WR,157.298141269445,177.66540311666665,137.19873644999998,16.348485290410643,-22.53211101023308,165.0,165.3,161.0,-4.0,154.0,,,,,
165,Baker Mayfield,QB,228.77937428888987,241.66666666666663,216.02986396533333,9.214993097909492,-22.7118240804287,166.0,212.5,217.0,51.0,245.0,8.0,12%,0.4,0.7%,5.0
166,Jalen Tolbert,WR,156.8562114032648,160.62348716733334,153.090153834,2.7857024173317546,-22.974040876413284,167.0,191.2,194.0,27.0,194.0,,,,,
167,CJ Uzomah,TE,97.92265999999998,106.5,89.2,6.131925392925128,-23.254227140727156,168.0,237.3,264.0,96.0,265.0,6.0,27%,0.7,1.8%,3.0
168,Damien Williams,RB,99.5296232098136,113.20718054866666,85.60718054866668,9.73111189471426,-23.4271657321259,169.0,249.7,284.0,115.0,229.0,6.0,92%,3.4,13.8%,5.0
169,Jarvis Landry,WR,156.3334849894086,157.69915963950004,155.03249297283335,1.021314771911958,-23.496767290269503,170.0,150.5,142.0,-28.0,127.0,9.0,69%,1.9,6.7%,5.0
170,Gus Edwards,RB,99.37250984448148,106.33333333333331,92.56080464266664,4.930186213277988,-23.58427909745804,171.0,179.5,176.0,5.0,165.0,4.0,16%,1.0,1%,5.0
171,Kyle Rudolph,TE,96.6709804187994,105.8,87.44031186266666,7.456405077079745,-24.505906721927744,172.0,237.0,263.0,91.0,291.0,12.0,28%,0.6,1.9%,4.0
172,Mo Alie-Cox,TE,95.572773676968,100.605839032,90.5,3.577716813699744,-25.60411346375913,173.0,241.8,271.0,98.0,255.0,3.0,80%,2.0,9%,5.0
173,Jahan Dotson,WR,153.9409889544233,162.0245878786667,145.69125454533332,6.434381263438138,-25.8892633252548,174.0,186.5,189.0,15.0,151.0,,,,,
174,Davis Mills,QB,225.35648337034817,232.83333333333331,217.85496351200004,5.924718493112399,-26.134714998970395,175.0,229.2,239.0,64.0,249.0,2.0,13%,1.1,0.8%,5.0
175,Marquez Valdes-Scantling,WR,152.22345376040536,156.23333333333332,148.24480970066665,3.031252378837525,-27.60679851927273,176.0,151.3,144.0,-32.0,133.0,7.0,17%,1.7,1.1%,5.0
176,Nico Collins,WR,150.15362152256014,156.29025705733335,144.02359039066667,4.636484456824325,-29.676630757117948,177.0,223.6,229.0,52.0,162.0,3.0,16%,0.2,1%,5.0
177,Khalil Herbert,RB,91.9809449837738,95.21985664133332,88.73333333333333,2.2878152883999845,-30.97584395816571,178.0,185.4,187.0,9.0,143.0,2.0,29%,0.5,2%,5.0
178,Michael Gallup,WR,148.11254322054353,155.26666666666668,141.06789283066666,5.114602240311997,-31.717709059134563,179.0,152.8,146.0,-33.0,139.0,5.0,78%,2.1,8.5%,5.0
179,Rondale Moore,WR,147.6495046568559,160.55412214533334,134.95412214533334,9.285985015223892,-32.1807476228222,180.0,173.0,172.0,-8.0,130.0,4.0,82%,4.3,9.6%,2.0
180,Brian Robinson,RB,89.63756686357061,91.000518602,88.3,0.9491387838229836,-33.319222078368895,181.0,176.5,174.0,-7.0,174.0,,,,,
181,Jerick McKinnon,RB,89.564245198658,96.1,83.19286396533333,4.952527426393242,-33.39254374328151,182.0,231.4,246.0,64.0,232.0,4.0,57%,1.6,4.8%,2.0
182,Adam Trautman,TE,85.19220255589566,88.13333333333333,82.25198340666664,2.070040694451282,-35.98468458483147,183.0,268.0,306.0,123.0,246.0,2.0,31%,1.2,2.2%,5.0
183,Dontrell Hilliard,RB,86.3901896344028,95.7,77.02664775199999,7.540498793988499,-36.56659930753671,184.0,242.0,272.0,88.0,333.0,,,,,
184,Cameron Brate,TE,83.98362385959099,97.3,70.76002974,9.396638470233924,-37.19326328113614,185.0,207.4,209.0,24.0,272.0,2.0,38%,1.6,2.8%,5.0
185,DJ Chark,WR,142.19761885416693,144.46093460533334,139.9,1.819297228358855,-37.63263342551116,186.0,156.0,149.0,-37.0,138.0,9.0,87%,3.6,11.3%,5.0
186,Zamir White,RB,85.28437429188428,102.76666666666668,67.86587004266666,13.712691680094576,-37.67241465005523,187.0,196.5,199.0,12.0,206.0,,,,,
187,Ronald Jones,RB,82.84974794983219,102.592421666,63.26666666666667,14.24722279242911,-40.10704099210732,188.0,139.3,128.0,-60.0,150.0,7.0,64%,1.3,5.8%,4.0
188,Jonnu Smith,TE,80.56469954776212,90.06666666666666,71.03397202133333,7.14030237506717,-40.61218759296501,189.0,281.0,322.0,133.0,231.0,8.0,89%,3.4,12.2%,5.0
189,Tyler Conklin,TE,80.55302215425506,92.0,69.05789327733333,8.395661695193635,-40.62386498647207,190.0,279.3,320.0,130.0,319.0,3.0,31%,0.5,2.2%,5.0
190,Van Jefferson,WR,138.6063637247039,146.90680733133334,130.36666666666667,6.190494578963198,-41.2238885549742,191.0,207.2,208.0,17.0,172.0,6.0,61%,1.9,5.4%,5.0
191,Julio Jones,WR,138.47312890371973,150.11820645733334,127.11820645733332,9.2430860398761,-41.357123375958366,192.0,168.0,167.0,-25.0,146.0,32.0,91%,2.5,13.2%,5.0
192,OJ Howard,TE,79.77651999999999,99.5,60.3,13.9568008042531,-41.40036714072714,193.0,295.0,341.0,148.0,290.0,6.0,88%,2.8,11.7%,2.0
193,Joshua Palmer,WR,138.3284064722408,149.52989706800005,127.1,7.966550038685885,-41.50184580743729,194.0,209.0,212.0,18.0,180.0,,,,,
194,Kendrick Bourne,WR,137.85967732135398,148.49590551033333,127.09590551033334,7.74524380521011,-41.97057495832411,195.0,238.0,266.0,71.0,193.0,0.0,11%,0.5,0.7%,5.0
195,Harrison Bryant,TE,78.09936257109126,89.36666666666667,67.01463641733334,8.198116474363145,-43.07752456963587,196.0,,,,330.0,1.0,32%,0.9,2.2%,5.0
196,Corey Davis,WR,135.48507855948415,144.9,125.98925329466664,6.685357186221033,-44.34517372019394,197.0,210.6,214.0,17.0,155.0,11.0,91%,3.2,13.2%,5.0
197,Samaje Perine,RB,76.7055898064744,82.002871888,71.16666666666667,4.159014109441974,-46.2511991354651,198.0,248.0,282.0,84.0,217.0,4.0,43%,1.7,3.3%,5.0
198,Dan Arnold,TE,74.4719739564292,83.89443739466667,64.89999999999999,6.820931307747728,-46.704913184297936,199.0,366.0,394.0,195.0,267.0,,,,,
199,Marcus Mariota,QB,204.194672194828,243.5,164.78769688000003,27.77861577560796,-47.296526174490566,200.0,266.8,304.0,104.0,282.0,11.0,40%,1.1,3%,4.0
200,Foster Moreau,TE,73.72011571466666,90.4,57.04271142933333,12.315687609920106,-47.45677142606047,201.0,278.5,316.0,115.0,367.0,1.0,61%,1.6,5.4%,5.0
201,Tyrion Davis-Price,RB,75.2875343091616,98.56666666666666,51.443930429333335,18.92388762802468,-47.66925463277791,202.0,181.3,180.0,-22.0,221.0,,,,,
202,Tommy Tremble,TE,73.36294511900374,81.50839234133333,65.3,6.077080425601948,-47.81394202172339,203.0,351.0,387.0,184.0,334.0,,,,,
203,Sony Michel,RB,74.91630469150721,79.47544161066668,70.2,3.528224528548137,-48.0404842504323,204.0,200.3,201.0,-3.0,167.0,10.0,69%,1.6,6.7%,2.0
204,Donovan Peoples-Jones,WR,129.82732663160868,148.23333333333332,111.14385214000002,13.18417244139064,-50.00292564806941,205.0,233.3,250.0,45.0,195.0,,,,,
205,Nick Westbrook-Ikhine,WR,129.70862493391084,140.87027229600002,118.5,7.93826054642874,-50.12162734576725,206.0,329.5,369.0,163.0,324.0,,,,,
206,Isiah Pacheco,RB,72.4732647379135,109.0,34.675416768666665,26.494446241044248,-50.48352420402601,207.0,228.0,237.0,30.0,256.0,,,,,
207,Matt Breida,RB,72.2383789467851,81.11125107966667,63.57791774633333,7.027385526822531,-50.7184099951544,208.0,258.3,296.0,88.0,280.0,,,,,
208,Hassan Haskins,RB,71.6195266368896,88.56666666666666,54.65600887466667,13.49884752469364,-51.337262305049904,209.0,231.8,247.0,38.0,284.0,,,,,
209,Geoff Swaim,TE,69.44691163978372,81.26666666666667,57.42300525599999,8.670391681512129,-51.72997550094341,210.0,,,,459.0,,,,,
210,Curtis Samuel,WR,127.33975536658517,131.55121439733333,123.09999999999998,3.028717249777383,-52.490496913092926,211.0,221.3,225.0,14.0,205.0,7.0,74%,2.2,7.6%,5.0
211,Daniel Bellinger,TE,67.64311952685667,77.22883369533334,57.82883369533334,7.847301005686012,-53.53376761387047,212.0,321.0,362.0,150.0,321.0,,,,,
212,D'Onta Foreman,RB,69.14891086902497,77.16666666666667,61.06785925133334,5.693382545012481,-53.80787807291453,213.0,204.8,206.0,-7.0,179.0,,,,,
213,Sterling Shepard,WR,124.50806299336789,159.46666666666667,90.51418512133334,25.497189637621457,-55.32218928631022,214.0,285.0,330.0,116.0,209.0,14.0,61%,1.7,5.4%,4.0
214,Alec Pierce,WR,124.36058898008363,140.50813993799997,108.3,11.451938188942307,-55.46966329959446,215.0,217.4,221.0,6.0,225.0,,,,,
215,Chuba Hubbard,RB,65.910492588336,75.014831916,56.48149858266667,7.009028130406264,-57.04629635360351,216.0,199.7,200.0,-16.0,210.0,2.0,49%,1.8,3.9%,5.0
216,Kyle Juszczyk,RB,65.39005698573148,76.43333333333334,54.51524311733334,8.109026110214524,-57.56673195620803,217.0,243.0,274.0,57.0,413.0,,,,,
217,Wan'Dale Robinson,WR,121.97148381104448,141.22708636299998,102.6,13.461290209415456,-57.85876846863361,218.0,230.3,243.0,25.0,202.0,,,,,
218,Randall Cobb,WR,121.15223305962527,126.03333333333336,116.35544251133332,3.425908262713736,-58.67801922005282,219.0,246.3,280.0,61.0,263.0,16.0,94%,2.7,15.3%,4.0
219,Jelani Woods,TE,61.54841271943813,82.83333333333334,40.39701040133333,15.211347856919213,-59.628474421289,220.0,285.0,331.0,111.0,356.0,,,,,
220,Christian Watson,WR,120.00028004053368,127.15947714,112.96666666666664,5.062298059906369,-59.82997223914441,221.0,165.2,160.0,-61.0,184.0,,,,,
221,John Bates,TE,61.117292506945006,73.47028159,48.67028159,9.098100462836904,-60.059594633782126,222.0,,,,373.0,,,,,
222,James O'Shaughnessy,TE,60.229822146188255,70.0,50.444998794666674,7.171961397785503,-60.94706499453888,223.0,,,,456.0,,,,,
223,Donald Parham,TE,58.78827999999999,63.1,54.4,3.0744455828002564,-62.38860714072714,224.0,343.0,381.0,157.0,345.0,,,,,
224,KJ Hamler,WR,116.65826851203336,124.63661566666666,108.5,6.404075913486852,-63.17198376764475,225.0,253.0,288.0,63.0,197.0,6.0,91%,4.5,13.2%,5.0
225,Trey McBride,TE,57.04212589867688,75.73333333333333,38.195499308,13.66475075691407,-64.13476124205025,226.0,262.5,298.0,72.0,288.0,,,,,
226,Cade Otton,TE,56.224567413495805,73.23333333333333,39.52845717733333,12.295668968580816,-64.95231972723133,227.0,291.0,337.0,110.0,362.0,,,,,
227,Anthony Firkser,TE,54.89302821901232,70.03333333333335,39.683104428,10.737645471362104,-66.28385892171481,228.0,,,,338.0,1.0,13%,0.2,0.8%,5.0
228,Boston Scott,RB,56.28901167111149,63.232027886,49.53333333333333,5.389613136414474,-66.66777727082803,229.0,268.6,307.0,78.0,220.0,,,,,
229,Jamison Crowder,WR,112.9182298936088,115.86666666666667,109.93206780533332,2.0954458809140664,-66.91202238606928,230.0,233.8,253.0,23.0,192.0,13.0,90%,3.5,12.7%,5.0
230,Braxton Berrios,WR,112.16096582626896,130.4887833613333,93.955450028,13.65692346942111,-67.66928645340913,231.0,363.0,392.0,161.0,244.0,,,,,
231,Pharaoh Brown,TE,53.405632236012536,57.9,48.98237254266667,3.206996283595806,-67.7712549047146,232.0,,,,403.0,,,,,
232,Paul Quessenberry,TE,52.662760000000006,79.7,26.1,21.57066529299456,-68.51412714072713,233.0,,,,,,,,,
233,Ricky Seals-Jones,TE,52.3667400152436,67.46666666666667,37.63783003866666,10.655078872831687,-68.81014712548352,234.0,293.0,339.0,105.0,337.0,,,,,
234,Romeo Doubs,WR,110.80429729949182,137.77675287133334,83.843419538,20.35897232925493,-69.02595498018627,235.0,196.5,198.0,-37.0,254.0,,,,,
235,Devin Duvernay,WR,110.78152249516629,113.620143911,107.9,2.0045896260402696,-69.0487297845118,236.0,235.5,259.0,23.0,315.0,,,,,
236,Kylen Granson,TE,51.99383318486479,56.843944776,47.0,3.485878451973045,-69.18305395586233,237.0,,,,380.0,,,,,
237,Kendall Blanton,TE,50.91494281594907,71.83333333333333,29.667078559333333,15.553663436506122,-70.26194432477806,238.0,,,,529.0,,,,,
238,Jeff Wilson,RB,52.19118499999999,61.4,42.7,6.5747986696000815,-70.76560394193952,239.0,233.3,251.0,12.0,242.0,,,,,
239,Parris Campbell,WR,108.733469886616,120.0,97.77756747733332,8.379733822613966,-71.09678239306209,240.0,233.3,252.0,12.0,198.0,9.0,33%,1.5,2.3%,0.0
240,Taysom Hill,TE,49.58367943268007,71.62249999999676,27.4734512545,14.01124297578343,-71.59320770804706,241.0,,,,422.0,10.0,14%,0.4,0.9%,5.0
241,AJ Green,WR,107.66703,114.2,101.1,4.630591698595335,-72.16322227967808,242.0,226.5,235.0,-7.0,216.0,14.0,59%,2.4,5.1%,3.0
242,Will Dissly,TE,48.93185586229254,55.153178784666665,42.686512118,4.441259965248132,-72.2450312784346,243.0,,,,425.0,,,,,
243,Jordan Akins,TE,48.05065647066186,54.9,41.174007382666666,4.849828292171941,-73.12623067006527,244.0,,,,458.0,3.0,77%,2.6,8.3%,5.0
244,Ian Thomas,TE,47.238443502241,51.54375826333334,42.87709159666667,3.5278985836038017,-73.93844363848613,245.0,,,,443.0,,,,,
245,Maxx Williams,TE,47.17221695121693,69.39999999999999,24.987032957333337,16.672505446368564,-74.0046701895102,246.0,,,,489.0,12.0,51%,0.8,4.1%,2.0
246,Craig Reynolds,RB,48.73133909825126,70.39999999999999,26.570801980666666,16.005373115764982,-74.22544984368824,247.0,,,,415.0,,,,,
247,Sammy Watkins,WR,105.5163983473386,121.13333333333333,89.69632870533333,11.124132334884695,-74.31385393233948,248.0,224.0,231.0,-17.0,270.0,21.0,94%,3.1,15.3%,2.0
248,Ke'Shawn Vaughn,RB,47.94867175857039,51.71430341800001,44.13333333333333,2.687996552708789,-75.00811718336911,249.0,242.5,273.0,24.0,296.0,1.0,10%,1.0,0.6%,5.0
249,Ty Montgomery,RB,47.5605195538365,58.42981483,36.833333333333336,7.572826088037999,-75.39626938810301,250.0,,,,396.0,10.0,79%,4.7,8.8%,3.0
250,Duke Johnson,RB,47.20247057020207,81.5,13.552465987333331,24.769298503515305,-75.75431837173744,251.0,305.0,351.0,100.0,329.0,5.0,26%,0.5,1.8%,5.0
251,Brandon Bolden,RB,45.50199,75.13333333333333,15.6,21.03827828126389,-77.45479894193952,252.0,321.0,361.0,109.0,401.0,,,,,
252,Chris Evans,RB,45.32229564358133,52.37007236,38.23333333333333,5.050874075842075,-77.63449329835817,253.0,230.0,241.0,-12.0,292.0,,,,,
253,Zay Jones,WR,101.82057693920532,114.13333333333333,89.62376462399999,9.947746520445348,-78.00967534047277,254.0,278.7,318.0,64.0,250.0,5.0,49%,1.2,3.9%,5.0
254,Chris Conley,WR,101.635658263699,115.176199828,88.0,9.578287676617965,-78.1945940159791,255.0,,,,397.0,3.0,46%,1.1,3.6%,5.0
255,Greg Dulcich,TE,42.867433262971865,49.86483487733333,35.9,5.330017711759244,-78.30945387775526,256.0,310.5,354.0,98.0,318.0,,,,,
256,Bryan Edwards,WR,101.21346983691063,107.45408335333332,95.12075002,4.521913272050304,-78.61678244276744,257.0,321.5,363.0,106.0,258.0,5.0,50%,1.4,4%,2.0
257,Josiah Deguara,TE,42.23132497982293,50.300723018666666,34.1,6.063591095993833,-78.9455621609042,258.0,303.5,349.0,91.0,383.0,4.0,85%,2.5,10.6%,2.0
258,Durham Smythe,TE,42.108955013176,57.5,26.65326307866667,11.49284978184664,-79.06793212755113,259.0,,,,481.0,,,,,
259,Ameer Abdullah,RB,43.35358628318614,59.900000000000006,26.73464342533333,11.755300749344128,-79.60320265875336,260.0,272.0,311.0,51.0,357.0,,,,,
260,Deshaun Watson,QB,171.40419292852903,190.89982660266665,151.7,14.63800671750808,-80.08700544078954,261.0,159.8,154.0,-107.0,238.0,6.0,17%,1.0,1.1%,3.0
261,Jameson Williams,WR,99.29867886091442,105.4,93.153269492,4.283673854576886,-80.53157341876367,262.0,187.0,190.0,-72.0,173.0,,,,,
262,Marcedes Lewis,TE,40.27116451311814,53.2,27.25293137133333,9.180741039219315,-80.905722627609,263.0,290.0,336.0,73.0,507.0,,,,,
263,Nick Boyle,TE,38.50712373177827,46.96666666666667,29.98726997933333,6.064731249340252,-82.66976340894885,264.0,,,,515.0,,,,,
264,Mike Davis,RB,39.8327803317527,41.84569780066667,37.86666666666667,1.595865282745553,-83.1240086101868,265.0,232.7,249.0,-16.0,260.0,4.0,45%,0.9,3.5%,5.0
265,Isaiah Likely,TE,37.8089549463669,57.64925540433333,17.649255404333335,16.507727761814444,-83.36793219436024,266.0,,,,395.0,,,,,
266,Eno Benjamin,RB,39.20403623172,40.00246384,38.4,0.5673987923265813,-83.75275271021951,267.0,264.3,301.0,34.0,279.0,,,,,
267,Brock Wright,TE,37.1878898490636,55.5,18.470199172,13.709113544451233,-83.98899729166354,268.0,,,,,,,,,
268,Justin Jackson,RB,38.90768497414331,42.4,35.430702403,2.4570978973384388,-84.0491039677962,269.0,,,,326.0,,,,,
269,Byron Pringle,WR,93.7450834908544,101.1,86.28348809600001,5.223467498846591,-86.0851687888237,270.0,284.5,329.0,59.0,239.0,,,,,
270,Demetric Felton,RB,36.824110000000005,49.3,24.7,8.751996784043056,-86.1326789419395,271.0,,,,451.0,0.0,7%,0.2,0.4%,5.0
271,Giovani Bernard,RB,34.96904001976651,39.0,30.881248781000007,2.8691229163944025,-87.987748922173,272.0,321.0,360.0,88.0,308.0,13.0,31%,0.3,2.2%,5.0
272,DeeJay Dallas,RB,34.1664261762546,38.08264815066668,30.3,2.735492661786193,-88.7903627656849,273.0,347.5,384.0,111.0,369.0,,,,,
273,D'Ernest Johnson,RB,32.84870877070647,40.36666666666667,25.583010319333336,5.275467458013558,-90.10808017123304,274.0,236.8,261.0,-13.0,240.0,,,,,
274,Tevin Coleman,RB,32.33431920903467,45.73333333333333,19.110540758666662,9.50815697589112,-90.62246973290485,275.0,379.0,399.0,124.0,339.0,11.0,92%,3.0,13.8%,4.0
275,Isaiah McKenzie,WR,89.07814901955514,103.247793701,74.9,10.033476325306534,-90.75210326012296,276.0,226.8,236.0,-40.0,226.0,,,,,
276,James Proche,WR,88.96081500000001,111.0,67.9,15.359341433986517,-90.86943727967808,277.0,331.0,371.0,94.0,354.0,,,,,
277,Nick Eubanks,TE,30.300780000000003,30.5,30.1,0.1421104908161246,-90.87610714072711,278.0,,,,,,,,,
278,Phillip Lindsay,RB,31.965680238089245,39.0,24.879113195,4.966891762868579,-90.99110870385026,279.0,258.5,297.0,18.0,304.0,6.0,90%,2.8,12.7%,5.0
279,Shaun Beyer,TE,30.150129999999997,30.2,30.1,0.035552539993648,-91.02675714072714,280.0,,,,,,,,,
280,Travis Homer,RB,31.7326402239196,37.7,25.739592529333333,4.465468958605843,-91.2241487180199,281.0,,,,444.0,,,,,
281,Blake Bell,TE,29.1974444151622,36.4,21.98962646533333,5.548704157309348,-91.97944272556492,282.0,279.0,319.0,37.0,506.0,,,,,
282,Nelson Agholor,WR,87.68651282935534,108.23333333333332,67.13163062266666,14.733266052292825,-92.14373945032276,283.0,243.3,275.0,-8.0,277.0,6.0,63%,1.6,5.7%,5.0
283,Tyler Kroft,TE,28.956741668188933,37.63333333333333,20.10234932533333,6.150983399168944,-92.2201454725382,284.0,,,,494.0,,,,,
284,CJ Ham,RB,30.657330000000005,39.7,21.5,6.422178311998196,-92.2994589419395,285.0,,,,480.0,,,,,
285,Andrew Beck,TE,28.82595333333333,53.53333333333333,3.8666666666666663,18.803677104404635,-92.3509338073938,286.0,,,,,,,,,
286,Noah Gray,TE,28.627542835687205,29.689233892000004,27.555900558666668,0.807608460084181,-92.54934430503992,287.0,,,,484.0,,,,,
287,Patrick Ricard,RB,30.049709998333334,41.53333333333333,18.571166663333333,8.48213540884476,-92.90707894360617,288.0,,,,468.0,,,,,
288,Charlie Kolar,TE,28.22091621010773,34.800000000000004,21.542687114666663,4.685764108887463,-92.9559709306194,289.0,,,,464.0,,,,,
289,James Washington,WR,86.62949415258265,99.23333333333332,73.95711581333332,8.959413175176365,-93.20075812709544,290.0,277.0,315.0,25.0,360.0,6.0,39%,1.4,2.9%,5.0
290,Dee Eskridge,WR,86.39829075347807,105.827921633,67.3,13.645168629791767,-93.43196152620004,291.0,,,,379.0,,,,,
291,David Bell,WR,86.0507063946458,101.46666666666664,70.85887323066667,11.560434337486893,-93.77954588503228,292.0,229.3,240.0,-52.0,213.0,,,,,
292,Connor Heyward,TE,27.3399099844644,27.380618088,27.3,0.028554113919672,-93.83697715626272,293.0,,,,,,,,,
293,Johnny Stanton,RB,28.725854999999992,48.1,9.2,13.757143117994191,-94.23093394193953,294.0,,,,,,,,,
294,Olamide Zaccheaus,WR,85.50695699120388,102.43333333333334,68.593750024,12.24559724658238,-94.3232952884742,295.0,239.0,267.0,-28.0,374.0,,,,,
295,Jake Ferguson,TE,26.4263835067882,31.633333333333336,21.30009300133333,4.110165825438904,-94.75050363393892,296.0,,,,449.0,,,,,
296,Mitch Trubisky,QB,156.0336260806648,194.0,117.731671516,27.120352719381504,-95.45757228865378,297.0,240.3,268.0,-29.0,295.0,,,,,
297,Drew Sample,TE,25.2814575493,28.5,22.09902058333333,2.579896335450876,-95.89542959142712,298.0,,,,486.0,,,,,
298,Chris Manhertz,TE,25.021099524843304,31.453754900333337,18.653754900333336,5.130400751360196,-96.15578761588382,299.0,,,,,,,,,
299,Joshua Kelley,RB,26.499840611999,27.5,25.485580286,0.7154388224772601,-96.4569483299405,300.0,,,,317.0,1.0,19%,0.7,1.2%,5.0
300,Luke Farrell,TE,23.7052471282176,26.9,20.502638478,2.253108899980539,-97.47164001250954,301.0,,,,,,,,,
301,Tre' McKitty,TE,23.430350655394136,26.76948850366667,20.102821837,2.5821696190382637,-97.746536485333,302.0,,,,485.0,,,,,
302,Ko Kieft,TE,22.56431623954417,29.96666666666667,15.13165728333333,5.233437370237428,-98.61257090118296,303.0,,,,,,,,,
303,Gary Brightwell,RB,24.343729741841543,24.988619241,23.7,0.4537235438438102,-98.61305920009796,304.0,,,,439.0,,,,,
304,Jody Fortson,TE,22.50797673053153,27.266666666666666,17.730915049333333,3.654069058418998,-98.6689104101956,305.0,,,,,,,,,
305,Zach Gentry,TE,22.4691290705988,29.2,15.685910236,5.384459686039766,-98.70775807012834,306.0,,,,511.0,,,,,
306,Matt Bushman,TE,22.370656666666672,33.66666666666667,11.2,9.209867605026808,-98.80623047406046,307.0,,,,,,,,,
307,Jauan Jennings,WR,80.71649092584751,84.712949478,76.7,2.8007916386258755,-99.11376135383058,308.0,300.5,345.0,37.0,384.0,,,,,
308,Brycen Hopkins,TE,22.037514093506637,27.53333333333333,16.471027874,4.115384101216257,-99.1393730472205,309.0,,,,538.0,1.0,18%,0.8,1.2%,5.0
309,Dalton Keene,TE,21.79682903425965,39.3,4.533546597,12.28752398492798,-99.38005810646747,310.0,,,,,,,,,
310,Mike Boone,RB,23.454538809246664,30.133333333333336,16.715718866666666,5.133129062235816,-99.50225013269284,311.0,,,,470.0,,,,,
311,MyCole Pruitt,TE,21.602413431274133,29.166666666666668,14.085105730666667,5.950724872707431,-99.574473709453,312.0,,,,,,,,,
312,Nick Vannett,TE,21.509211491228243,22.122702441,20.9,0.4328469179413341,-99.66767564949888,313.0,,,,488.0,,,,,
313,Zack Moss,RB,23.0717566739138,28.9,17.250503046,4.14171827713819,-99.88503226802572,314.0,283.3,324.0,10.0,269.0,6.0,80%,2.3,9%,1.0
314,Sean McKeon,TE,21.0990831635085,24.231818145,18.0,2.19261462504465,-100.07780397721864,315.0,,,,,,,,,
315,Tyree Jackson,TE,20.998998749346995,25.214827153,16.8,2.9493819120470444,-100.17788839138014,316.0,,,,,,,,,
316,Kene Nwangwu,RB,22.529735033865258,25.93010063500001,19.1,2.415484933762789,-100.42705390807424,317.0,,,,394.0,,,,,
317,Jermar Jefferson,RB,22.48043333333333,35.800000000000004,9.133333333333333,9.72514350828134,-100.47635560860616,318.0,,,,496.0,5.0,39%,1.1,2.9%,5.0
318,Snoop Conner,RB,22.2069251756048,25.907924012,18.5,2.612801578319932,-100.7498637663347,319.0,312.0,355.0,36.0,336.0,,,,,
319,Ryan Griffin,TE,20.401247590752,34.18267256200001,6.56,8.753103056659468,-100.77563954997512,320.0,,,,482.0,,,,,
320,Dwayne Washington,RB,22.116550249880007,28.339057568000005,15.8,4.444046809652468,-100.8402386920595,321.0,,,,,,,,,
321,Jacob Harris,TE,20.30080333333333,30.83333333333333,10.033333333333331,8.396355592966776,-100.8760838073938,322.0,,,,472.0,,,,,
322,Adam Shaheen,TE,20.1123876227365,20.6,19.62213501,0.3463122046601277,-101.06449951799064,323.0,,,,,,,,,
323,Alize Mack,TE,19.204486666666668,29.33333333333333,9.2,7.824269982478309,-101.97240047406046,324.0,,,,,,,,,
324,Dare Ogunbowale,RB,20.648518587792804,22.226425576,19.1,1.1186659591918182,-102.3082703541467,325.0,,,,435.0,,,,,
325,Johnny Mundt,TE,18.853030708081054,19.708282183000005,18.0,0.6039075371633077,-102.32385643264608,326.0,,,,537.0,,,,,
326,Tory Carter,RB,20.614456666666666,33.7,7.633333333333333,9.339043241759594,-102.34233227527284,327.0,,,,,,,,,
327,Jeremy Sprinkle,TE,18.72693332399357,27.433333333333337,10.040455907333332,6.15454937383725,-102.44995381673355,328.0,,,,,,,,,
328,Juwan Johnson,TE,18.674386379188014,27.6,9.708519208200002,5.181414472255899,-102.50250076153912,329.0,388.0,407.0,78.0,409.0,,,,,
329,JaMycal Hasty,RB,20.191486666666663,32.5,7.566666666666666,8.892525061398478,-102.76530227527284,330.0,,,,420.0,,,,,
330,Kenny Yeboah,TE,18.316020000000005,27.76666666666667,9.033333333333331,7.522065793652994,-102.86086714072712,331.0,,,,,,,,,
331,Rico Dowdle,RB,20.0812474238439,26.670925462000003,13.4,4.657378256043674,-102.8755415180956,332.0,,,,512.0,,,,,
332,Chigoziem Okonkwo,TE,18.224114336445663,22.90294373033333,13.502943730333334,3.8541380966427927,-102.95277280428148,333.0,,,,497.0,,,,,
333,Tyler Badie,RB,19.988033900271,26.433333333333334,13.726895723333335,4.604666492139903,-102.9687550416685,334.0,263.3,299.0,-35.0,327.0,,,,,
334,Tim Patrick,WR,76.658175,155.1,0.0,54.58152514284824,-103.17207727967808,335.0,,,,,,,,,
335,Nick Muse,TE,17.44181806029434,25.9,9.007068862799999,6.003493283994604,-103.7350690804328,336.0,,,,,,,,,
336,Jakob Johnson,RB,19.038710226882067,27.66999721266667,10.469997212666668,6.729605522893085,-103.91807871505743,337.0,,,,508.0,,,,,
337,Zach Davidson,TE,17.22426,34.8,0.0,12.320846377274572,-103.95262714072712,338.0,,,,,,,,,
338,Hunter Long,TE,17.205966884222498,23.4,11.016029429999998,4.755205673160435,-103.97092025650464,339.0,,,,510.0,1.0,32%,0.6,2.2%,5.0
339,Tommy Sweeney,TE,16.99717353047527,23.33333333333333,10.573302665333332,4.82659335868956,-104.17971361025188,340.0,,,,,,,,,
340,Josh Oliver,TE,16.901696666666666,25.9,7.766666666666667,6.940638580065959,-104.27519047406048,341.0,,,,,,,,,
341,Stephen Anderson,TE,16.868836666666667,26.9,6.833333333333333,7.2744293599788445,-104.30805047406048,342.0,,,,,,,,,
342,Qadree Ollison,RB,18.5080721902198,20.917107802,16.1,1.681163652569968,-104.4487167517197,343.0,401.0,415.0,72.0,446.0,,,,,
343,Marquez Callaway,WR,75.34970585333332,110.66666666666669,40.12552916666667,26.487916673692546,-104.48054642634476,344.0,245.5,279.0,-65.0,276.0,4.0,92%,3.3,13.8%,5.0
344,James Mitchell,TE,16.639857978063002,24.600000000000005,8.550674260000001,5.613569249825891,-104.53702916266413,345.0,,,,530.0,,,,,
345,Keaontay Ingram,RB,18.293718338980305,24.133333333333336,12.457100415333334,4.443326542346059,-104.6630706029592,346.0,248.0,281.0,-65.0,368.0,,,,,
346,Keith Smith,RB,18.18442803978,19.68677674,16.7,1.0660366452496022,-104.7723609021595,347.0,,,,522.0,,,,,
347,Darius Slayton,WR,74.85860236071566,100.86666666666667,48.627498470666666,18.90905312529844,-104.97164991896244,348.0,393.0,411.0,63.0,302.0,5.0,66%,2.2,6.1%,5.0
348,Kevin Rader,TE,15.88657,25.3,6.5,6.812543330878711,-105.29031714072713,349.0,,,,,,,,,
349,Devin Asiasi,TE,15.737765510733333,23.600000000000005,7.889031021466667,5.578789002980427,-105.4391216299938,350.0,,,,,,,,,
350,Cole Turner,TE,15.5328196925,15.565639385,15.5,0.0232857973329444,-105.64406744822712,351.0,,,,502.0,,,,,
351,Andrew Ogletree,TE,15.390460001637456,22.83333333333333,8.051512156533333,5.1728971262486425,-105.78642713908968,352.0,,,,,,,,,
352,Keelan Cole,WR,74.038585312098,103.6,44.292464392,22.116930352025594,-105.7916669675801,353.0,,,,421.0,2.0,9%,0.3,0.6%,5.0
353,Colby Parkinson,TE,15.299025916772203,17.689430858,12.9,1.688566065950634,-105.87786122395492,354.0,,,,,,,,,
354,Tommy Hudson,TE,15.29603878040992,23.0,7.4523132912,5.572675110040232,-105.88084836031722,355.0,,,,,,,,,
355,Myles Gaskin,RB,16.829969031844453,22.8,10.810782271,4.233243166900814,-106.12681991009504,356.0,224.2,232.0,-124.0,241.0,4.0,85%,2.3,10.6%,4.0
356,Jaret Patterson,RB,16.432862410182995,20.2,12.729226396,2.6519345650768176,-106.52392653175652,357.0,364.0,393.0,36.0,348.0,1.0,32%,1.3,2.2%,5.0
357,Nakia Griffin-Stewart,TE,14.562390135397996,21.142059418333336,8.208726084999999,5.233235170166832,-106.61449700532911,358.0,,,,,,,,,
358,Kyren Williams,RB,16.291955974868,18.4,14.224001535,1.4715697174122904,-106.6648329670715,359.0,307.0,353.0,-6.0,314.0,,,,,
359,Ben Ellefson,TE,14.412195838091604,14.523408678,14.3,0.0787797288015306,-106.76469130263553,360.0,,,,,,,,,
360,Trey Sermon,RB,16.089405983534306,23.3,9.037129826,5.016277952355981,-106.8673829584052,361.0,250.4,286.0,-75.0,228.0,6.0,54%,1.8,4.5%,0.0
361,Drew Lock,QB,144.5553805638931,153.90937514600003,135.17604181266668,7.193571859213191,-106.93581780542549,362.0,313.5,357.0,-5.0,325.0,5.0,24%,0.4,1.6%,1.0
362,Justice Hill,RB,15.903762771023333,25.8,6.211367533333333,7.03382831915734,-107.05302617091616,363.0,,,,450.0,4.0,16%,0.9,1%,5.0
363,Abram Smith,RB,15.759002093542,15.818716486,15.7,0.0419291099664076,-107.19778684839751,364.0,258.0,295.0,-69.0,393.0,,,,,
364,Jerome Ford,RB,15.73269141917794,25.6,5.936906880466666,6.891938492117161,-107.22409752276155,365.0,,,,335.0,,,,,
365,Trestan Ebner,RB,15.729774002330506,21.053092390000003,10.3,3.786562164148649,-107.227014939609,366.0,,,,408.0,,,,,
366,Ross Dwelley,TE,13.909193100347602,20.5,7.323656738,4.622999603479912,-107.26769404037952,367.0,,,,509.0,,,,,
367,Jake Funk,RB,15.070990182057498,17.16070353,13.0,1.4732059900208545,-107.885798759882,368.0,337.0,377.0,9.0,,,,,,
368,Jacob Hollister,TE,13.120296666666668,22.9,3.1666666666666665,7.0648020763964485,-108.05659047406049,369.0,,,,514.0,,,,,
369,Ty'Son Williams,RB,14.750123333333336,24.83333333333333,4.633333333333334,7.185598667265735,-108.20666560860616,370.0,,,,,,,,,
370,Miller Forristall,TE,12.955244667889849,17.444034252999998,8.6,3.119550492910795,-108.22164247283727,371.0,,,,,,,,,
371,Antonio Williams,RB,14.505295613861753,17.833159889,11.1,2.38283415387552,-108.45149332807776,372.0,,,,,,,,,
372,Grant Calcaterra,TE,12.6533472390443,17.2,8.123938994000001,3.195032563231317,-108.52353990168284,373.0,,,,,,,,,
373,Kevin Harris,RB,14.0536609606399,18.8,9.290204289,3.373621842631557,-108.9031279812996,374.0,,,,414.0,,,,,
374,Eric Tomlinson,TE,12.253089317424,15.2,9.28725786,2.081650044373794,-108.92379782330312,375.0,,,,,,,,,
375,Josh Reynolds,WR,70.60587670646001,88.47202551666665,52.47202551666666,13.765326761136995,-109.22437557321808,376.0,301.0,347.0,-29.0,294.0,,,,,
376,Trenton Cannon,RB,13.0142627342,14.0,12.040868000000003,0.6899235076570706,-109.9425262077395,377.0,,,,,,,,,
377,Darrynton Evans,RB,12.736219723608604,14.3,11.172752171999996,1.0997735099199524,-110.22056921833092,378.0,,,,312.0,5.0,78%,3.3,8.5%,2.0
378,Nick Bowers,TE,10.296052357858748,10.3,10.292092855,0.0027941934828261,-110.8808347828684,379.0,,,,,,,,,
379,Jack Stoll,TE,10.255374755381002,11.9,8.617314881,1.1650017782400135,-110.92151238534612,380.0,,,,,,,,,
380,Royce Freeman,RB,11.978905,24.1,0.0,8.533111932406314,-110.97788394193952,381.0,,,,461.0,2.0,44%,0.8,3.4%,5.0
381,Hunter Kampmoyer,TE,10.033675318153898,10.066875818,10.0,0.023598011312376,-111.14321182257324,382.0,,,,,,,,,
382,Teagan Quitoriano,TE,9.885856976664304,9.9,9.871761958,0.0099325793448483,-111.29103016406285,383.0,,,,,,,,,
383,Alec Ingold,RB,11.620865286751204,11.842970892000002,11.4,0.1548486093129989,-111.33592365518832,384.0,,,,487.0,,,,,
384,John FitzPatrick,TE,9.7957491534912,15.6,4.0836292728000005,4.068132489623187,-111.38113798723592,385.0,,,,,,,,,
385,Ty Johnson,RB,11.273851310600548,12.052515419,10.5,0.55048133075968,-111.68293763133896,386.0,381.0,401.0,15.0,298.0,,,,,
386,Reggie Gilliam,TE,9.464111216789869,9.901253196333334,9.034586529666669,0.3410053577284263,-111.71277592393726,387.0,,,,536.0,,,,,
387,Deon Jackson,RB,11.112681201593947,14.912421287,7.3,2.6997200420707776,-111.84410774034556,388.0,,,,,,,,,
388,Jeremy Ruckert,TE,9.0408435490479,9.081859002,9.0,0.0287468369941337,-112.13604359167924,389.0,,,,417.0,,,,,
389,Richard Rodgers,TE,8.9622,18.0,0.0,6.362575827445988,-112.21468714072714,390.0,,,,,,,,,
390,Jesper Horsted,TE,8.761375,17.5,0.0,6.182841325747815,-112.41551214072712,391.0,,,,,,,,,
391,Kylin Hill,RB,10.4488406600535,13.5,7.37501889,2.1496116416649373,-112.507948281886,392.0,,,,434.0,,,,,
392,Tyler Mabry,TE,8.634530011959496,8.668308628999998,8.6,0.0239927435035675,-112.54235712876763,393.0,,,,,,,,,
393,Jason Cabinda,RB,10.35069868956225,10.8,9.907998192499996,0.3113537515932115,-112.60609025237726,394.0,,,,,,,,,
394,Giovanni Ricci,RB,10.060310212852205,10.9,9.203999622,0.6047043861671187,-112.8964787290873,395.0,,,,,,,,,
395,Ryan Nall,RB,9.900234999999997,19.7,0.0,6.943194991844533,-113.05655394193953,396.0,,,,,,,,,
396,Khari Blasingame,RB,9.18149700631345,10.1,8.277392611,0.646471923206111,-113.77529193562606,397.0,,,,,,,,,
397,Ryquell Armstead,RB,9.175597603760302,9.8,8.539345051,0.4483359592460111,-113.7811913381792,398.0,,,,465.0,,,,,
398,Patrick Taylor,RB,9.174745144757004,10.969120452000002,7.4,1.2634758866124307,-113.78204379718252,399.0,,,,,,,,,
399,Derek Watt,RB,9.094490348196,9.7,8.486553804,0.4268658123854081,-113.8622985937435,400.0,,,,,,,,,
400,Darwin Thompson,RB,9.069480000000002,18.3,0.0,6.479870564262839,-113.88730894193952,401.0,,,,,,,,,
401,Nick Bawden,RB,8.73100674804285,8.762620919,8.7,0.0220778908694037,-114.22578219389666,402.0,,,,,,,,,
402,Mitchell Wilcox,TE,6.91296768693685,9.259953031,4.6,1.6459708592910045,-114.26391945379028,403.0,,,,,,,,,
403,Stephen Sullivan,TE,6.619591116413449,8.896285053,4.4,1.5911683713587237,-114.55729602431369,404.0,,,,,,,,,
404,Jason Huntley,RB,8.214009712127401,12.339619458,4.0,2.958178462216517,-114.7427792298121,405.0,,,,,,,,,
405,Mataeo Durant,RB,8.1024910731098,8.104948987999999,8.1,0.0017424639499441,-114.8542978688297,406.0,,,,,,,,,
406,Ty Chandler,RB,7.7407985592068,13.1,2.488770536,3.762118551445878,-115.21599038273273,407.0,,,,431.0,,,,,
407,Derrick Gore,RB,7.353675,14.7,0.0,5.14552366085076,-115.60311394193953,408.0,331.0,372.0,-36.0,386.0,,,,,
408,Trayveon Williams,RB,7.319181360221398,7.747087724,6.9,0.3008037938770713,-115.63760758171811,409.0,,,,533.0,,,,,
409,Andy Janovich,RB,7.301475,14.5,0.0,5.126778381632563,-115.65531394193953,410.0,,,,,,,,,
410,Michael Burton,RB,7.261056781443751,9.6,4.926319875000001,1.6422835639965174,-115.69573216049577,411.0,,,,,,,,,
411,Adam Prentice,RB,6.926693798296651,6.9538018710000005,6.9,0.0189769028243754,-116.03009514364284,412.0,,,,,,,,,
412,Sammis Reyes,TE,5.127912098380301,6.848238073,3.4,1.22932850161761,-116.04897504234684,413.0,,,,,,,,,
413,Eric Saubert,TE,5.066159999999999,10.1,0.0,3.56227214771696,-116.11072714072714,414.0,,,,,,,,,
414,Jace Sternberger,TE,5.060219999999999,10.2,0.0,3.5937422767360485,-116.11666714072712,415.0,,,,,2.0,37%,0.9,2.7%,2.0
415,Chris Herndon,TE,4.979205000000001,9.9,0.0,3.506700987819606,-116.19768214072712,416.0,,,,433.0,3.0,88%,2.8,11.7%,3.0
416,Jared Pinkney,TE,4.842239999999999,9.6,0.0,3.3911331118668877,-116.33464714072711,417.0,,,,,,,,,
417,Jacoby Brissett,QB,135.07975526524754,169.23333333333335,100.791910404,24.48513187754904,-116.41144310407104,418.0,286.0,332.0,-86.0,343.0,,,,,
418,Antony Auclair,TE,4.51755,9.0,0.0,3.196852670596504,-116.65933714072712,419.0,,,,,,,,,
419,Charlie Woerner,TE,4.433,8.8,0.0,3.11389386460104,-116.74388714072714,420.0,,,,,,,,,
420,Parker Hesse,TE,4.179420000000001,8.4,0.0,2.973042290920195,-116.99746714072712,421.0,,,,,,,,,
421,Mekhi Sargent,RB,5.77645,11.5,0.0,4.089292469058675,-117.18033894193952,422.0,,,,,,,,,
422,Cethan Carter,RB,5.526690375666666,7.942990375666667,3.076323709,1.760023040495765,-117.43009856627285,423.0,,,,,,,,,
423,Devine Ozigbo,RB,5.466895000000002,10.9,0.0,3.8648546944193134,-117.4898939419395,424.0,,,,,,,,,
424,Anthony Schwartz,WR,62.29639658468393,81.27476140899999,43.2,13.338268636023155,-117.53385569499416,425.0,,,,382.0,,,,,
425,Freddie Swain,WR,62.24585439763422,66.7,57.761317274,3.16342381140895,-117.58439788204387,426.0,,,,440.0,,,,,
426,Alex Armah,RB,5.309539999999999,10.6,0.0,3.738648551067618,-117.64724894193952,427.0,,,,,,,,,
427,La'Mical Perine,RB,5.1098300000000005,10.3,0.0,3.643562799115723,-117.8469589419395,428.0,,,,525.0,3.0,24%,1.9,1.6%,5.0
428,Gabe Nabers,RB,3.398701990779,3.9,2.883992685,0.359724617789081,-119.5580869511605,429.0,,,,,,,,,
429,Laquon Treadwell,WR,60.22527666005252,86.83333333333333,33.23103910933333,20.216216021816287,-119.60497561962558,430.0,,,,376.0,,,,,
430,Godwin Igwebuike,RB,3.2808178800000007,5.5,1.072704,1.568871777311328,-119.6759710619395,431.0,,,,477.0,,,,,
431,Phillip Dorsett,WR,59.95835096497999,66.48485339599999,53.3,4.639588609169955,-119.8719013146981,432.0,,,,479.0,7.0,43%,0.7,3.3%,3.0
432,Jalen Guyton,WR,59.1027615397721,67.7,50.24190585800001,6.156744794908048,-120.727490739906,433.0,269.5,308.0,-125.0,349.0,,,,,
433,Troy Fumagalli,TE,0.0,0.0,0.0,0.0,-121.17688714072712,438.0,,,,,,,,,
434,Jordan Franks,TE,0.0,0.0,0.0,0.0,-121.17688714072712,438.0,,,,,,,,,
435,Ryan Izzo,TE,0.0,0.0,0.0,0.0,-121.17688714072712,438.0,,,,,,,,,
436,Trevon Wesco,TE,0.0,0.0,0.0,0.0,-121.17688714072712,438.0,,,,,,,,,
437,Deon Yelder,TE,0.0,0.0,0.0,0.0,-121.17688714072712,438.0,,,,,,,,,
438,Colin Thompson,TE,0.0,0.0,0.0,0.0,-121.17688714072712,438.0,,,,,,,,,
439,Tanner Hudson,TE,0.0,0.0,0.0,0.0,-121.17688714072712,438.0,,,,,,,,,
440,Noah Togiai,TE,0.0,0.0,0.0,0.0,-121.17688714072712,438.0,,,,,,,,,
441,Chris Myarick,TE,0.0,0.0,0.0,0.0,-121.17688714072712,438.0,,,,,,,,,
442,Amari Rodgers,WR,57.6074919689804,74.3,41.034738878,11.78439235500486,-122.2227603106977,443.0,256.5,291.0,-152.0,350.0,1.0,25%,0.6,1.7%,5.0
443,Quez Watkins,WR,57.308902008458006,71.7,43.16039069600001,10.12480350257352,-122.52135027122009,444.0,284.3,328.0,-116.0,301.0,,,,,
444,Gerrid Doaks,RB,0.0,0.0,0.0,0.0,-122.95678894193952,448.0,,,,,,,,,
445,Nate McCrary,RB,0.0,0.0,0.0,0.0,-122.95678894193952,448.0,,,,,,,,,
446,Reggie Bonnafon,RB,0.0,0.0,0.0,0.0,-122.95678894193952,448.0,,,,,,,,,
447,Taiwan Jones,RB,0.0,0.0,0.0,0.0,-122.95678894193952,448.0,,,,,,,,,
448,Damarea Crockett,RB,0.0,0.0,0.0,0.0,-122.95678894193952,448.0,,,,,,,,,
449,Jonathan Williams,RB,0.0,0.0,0.0,0.0,-122.95678894193952,448.0,,,,,,,,,
450,Salvon Ahmed,RB,0.0,0.0,0.0,0.0,-122.95678894193952,448.0,,,,322.0,,,,,
451,Kalif Raymond,WR,56.78422159762614,82.56666666666668,31.265258032,20.50525707169617,-123.04603068205196,452.0,373.0,397.0,-55.0,455.0,,,,,
452,Quintez Cephus,WR,53.11295808200242,84.53333333333335,22.355054292666665,23.208567271423068,-126.71729419767568,453.0,272.0,312.0,-141.0,310.0,,,,,
453,Noah Brown,WR,49.44235988846821,56.139843452,42.6,4.747571473424562,-130.38789239120987,454.0,,,,390.0,,,,,
454,Tutu Atwell,WR,48.68646063608399,73.26879645800001,24.3,17.37502331710417,-131.1437916435941,455.0,399.0,414.0,-41.0,391.0,0.0,10%,0.3,0.6%,5.0
455,Tylan Wallace,WR,47.99186270480401,51.36773892,44.7,2.347577363660879,-131.8383895748741,456.0,,,,400.0,2.0,73%,2.9,7.4%,0.0
456,Ihmir Smith-Marsette,WR,39.7747716030674,49.245656052,30.4,6.674089979436396,-140.0554806766107,457.0,,,,442.0,,,,,
457,Montrell Washington,WR,36.5979117497994,36.799055852,36.4,0.1406968153144707,-143.23234052987868,458.0,,,,501.0,,,,,
458,Rashard Higgins,WR,36.35502055086869,48.4,24.283512966,8.56134262208168,-143.4752317288094,459.0,304.0,350.0,-109.0,381.0,5.0,88%,3.2,11.7%,5.0
459,Chester Rogers,WR,34.818246740956106,35.1,34.534287202,0.2010241124750526,-145.01200553872198,460.0,,,,523.0,,,,,
460,Zach Pascal,WR,34.4901223482874,35.769452994,33.2,0.9124112386380604,-145.3401299313907,461.0,348.0,385.0,-76.0,404.0,,,,,
461,Tyquan Thornton,WR,34.22749062415791,45.877823714,22.7,8.265355496629821,-145.60276165552017,462.0,286.0,333.0,-129.0,331.0,,,,,
462,Dyami Brown,WR,31.19713658925121,34.8,27.649333312000003,2.518112909016017,-148.63311569042688,463.0,,,,309.0,3.0,26%,0.7,1.8%,5.0
463,Ashton Dulin,WR,31.043358448748556,38.997099171,23.4,5.447296598760356,-148.78689383092953,464.0,,,,398.0,,,,,
464,Brandon Zylstra,WR,30.6135543338888,36.512933148,24.7,4.168135166206806,-149.2166979457893,465.0,,,,,,,,,
465,Erik Ezukanma,WR,30.221180306179,31.6,28.850608786,0.9734077773867992,-149.60907197349908,466.0,,,,,,,,,
466,Ben Skowronek,WR,30.1949346861164,41.6,18.773891096,8.116114320523046,-149.6353175935617,467.0,,,,445.0,,,,,
467,Tyrie Cleveland,WR,29.1692448509251,47.027679422,10.8,12.582290696903677,-150.66100742875298,468.0,,,,,,,,,
468,Jamal Agnew,WR,29.1532184259656,37.5,20.752845959,5.900786470460485,-150.6770338537125,469.0,,,,452.0,,,,,
469,Damiere Byrd,WR,27.932600943041603,32.6,23.205074362,3.318813298847484,-151.8976513366365,470.0,,,,535.0,,,,,
470,KhaDarel Hodge,WR,27.8829723710662,39.9,15.569107858,8.545748844857206,-151.9472799086119,471.0,,,,,,,,,
471,Breshad Perriman,WR,25.7757685656088,28.2,23.339872826,1.7145200624508596,-154.0544837140693,472.0,380.0,400.0,-72.0,469.0,13.0,79%,3.3,8.8%,2.0
472,Chris Moore,WR,25.34657897399676,33.3,17.574006869,5.545323626624727,-154.48367330568135,473.0,,,,478.0,,,,,
473,Trent Sherfield,WR,25.200907318441,26.90113441,23.5,1.2022420338350592,-154.62934496123708,474.0,,,,527.0,,,,,
474,Richie James,WR,24.917583575184103,29.096561707,20.8,2.931943281041694,-154.912668704494,475.0,,,,,,,,,
475,Antoine Wesley,WR,24.753648667399208,29.8,19.785411128,3.548964431688673,-155.0766036122789,476.0,,,,430.0,,,,,
476,Geno Smith,QB,94.64458690853398,98.86349302466664,90.43333333333334,3.103496365700514,-156.84661146078457,477.0,272.0,310.0,-167.0,346.0,4.0,19%,1.1,1.2%,4.0
477,Dez Fitzpatrick,WR,22.39612427713875,36.4,8.350173815000002,9.91212903273265,-157.43412800253935,478.0,,,,492.0,,,,,
478,Danny Gray,WR,21.04373132412525,22.588389165,19.5,1.0948545516899184,-158.78652095555285,479.0,392.0,410.0,-69.0,375.0,,,,,
479,Jalen Reagor,WR,20.912018219592,25.39166644,16.4,3.1745391309506825,-158.9182340600861,480.0,,,,307.0,4.0,80%,2.2,9%,2.0
480,Cam Sims,WR,20.842038889537047,28.8,12.853779961,5.663133353304015,-158.98821339014106,481.0,324.0,365.0,-116.0,,,,,,
481,Keke Coutee,WR,20.702240000000003,41.6,0.0,14.602694921910818,-159.1280122796781,482.0,,,,,5.0,81%,2.6,9.3%,2.0
482,Racey McMath,WR,20.595837728159594,26.174421472999995,14.9,3.9960303422787486,-159.2344145515185,483.0,,,,,,,,,
483,Tajae Sharpe,WR,20.175121808461,24.864290052,15.5,3.3256342050598278,-159.6551304712171,484.0,,,,474.0,,,,,
484,Simi Fehoko,WR,19.37106631693625,21.350985461,17.3,1.445347318344694,-160.45918596274183,485.0,,,,,,,,,
485,Tre'Quan Smith,WR,19.3165647335562,22.165992222,16.5,1.999955525796,-160.5136875461219,486.0,367.0,395.0,-91.0,287.0,8.0,75%,2.0,7.8%,5.0
486,Samori Toure,WR,19.144962801014252,19.190277685,19.1,0.032060807514398,-160.68528947866383,487.0,,,,,,,,,
487,Tyler Johnson,WR,18.545148758074298,22.2,14.860204354,2.621045007500591,-161.2851035216038,488.0,,,,378.0,1.0,8%,0.6,0.5%,5.0
488,Deonte Harty,WR,17.241698464108705,19.166769818,15.3,1.3674943806604205,-162.58855381556938,489.0,383.0,402.0,-87.0,410.0,,,,,
489,Kyle Philips,WR,17.035050275416353,17.169588333,16.9,0.0953802217263287,-162.79520200426174,490.0,296.0,342.0,-148.0,344.0,,,,,
490,DeAndre Carter,WR,15.416068686947796,16.644850596999998,14.2,0.8615912970444047,-164.4141835927303,491.0,,,,,,,,,
491,Cody Hollister,WR,15.322405000000002,30.1,0.0,10.566904881088645,-164.5078472796781,492.0,,,,,,,,,
492,Ja'Marcus Bradley,WR,15.186363019999998,26.5,3.87272604,8.014336400769508,-164.6438892596781,493.0,,,,,,,,,
493,Jeff Smith,WR,15.037697974340755,18.4,11.631400049,2.413691070395655,-164.79255430533735,494.0,,,,,,,,,
494,Khalil Shakir,WR,14.848400128113498,17.7,12.00420479,2.0030628840425537,-164.9818521515646,495.0,384.0,403.0,-92.0,359.0,,,,,
495,Bisi Johnson,WR,14.341210342033502,18.286363866,10.4,2.8068691049580505,-165.4890419376446,496.0,,,,524.0,,,,,
496,Miles Boykin,WR,14.2685709593257,16.6,12.000613453,1.6193001761760255,-165.5616813203524,497.0,,,,491.0,1.0,27%,1.4,1.8%,5.0
497,Mack Hollins,WR,14.170366571053654,14.734944923,13.6,0.4032944939899213,-165.65988570862444,498.0,,,,437.0,,,,,
498,Mike Strachan,WR,14.010116305556398,15.3,12.692066934,0.9171283028619596,-165.82013597412168,499.0,,,,,,,,,
499,Trent Taylor,WR,13.636449575338,14.753295479999998,12.5,0.7987482043164084,-166.1938027043401,500.0,,,,,,,,,
500,Tyron Johnson,WR,13.572858582912351,14.631436541,12.5,0.7533166700317908,-166.25739369676575,501.0,,,,,,,,,
501,Kristian Wilkerson,WR,13.158575,26.5,0.0,9.38089136059975,-166.67167727967808,502.0,,,,,,,,,
502,Marquise Goodwin,WR,12.498629726536802,13.3,11.680743032,0.5711732196016984,-167.3316225531413,503.0,339.0,378.0,-125.0,,15.0,94%,2.4,15.3%,3.0
503,Anthony Miller,WR,12.343050000000002,24.6,0.0,8.699915729333245,-167.4872022796781,504.0,,,,,,,,,
504,Auden Tate,WR,12.2275816172344,17.0,7.412980348,3.388101574985729,-167.6026706624437,505.0,,,,428.0,6.0,94%,3.7,15.3%,3.0
505,Dante Pettis,WR,11.963266848472998,15.780450991,8.1,2.712091116826597,-167.86698543120508,506.0,,,,,4.0,91%,3.5,13.2%,5.0
506,Albert Wilson,WR,11.176875,22.5,0.0,7.98241013005314,-168.6533772796781,507.0,,,,,6.0,94%,3.1,15.3%,5.0
507,Mohamed Sanu,WR,10.743051387032398,13.2,8.344850088,1.7113173940830655,-169.08720089264568,508.0,,,,,6.0,74%,2.7,7.6%,5.0
508,Marquez Stevenson,WR,10.366139142338998,11.127999884999998,9.6,0.5435644345883179,-169.4641131373391,509.0,,,,,,,,,
509,Kenny Pickett,QB,81.93292122296165,108.71523672133333,55.63333333333333,18.896577233276208,-169.55827714635691,510.0,234.8,256.0,-254.0,323.0,,,,,
510,Mike Thomas,WR,10.2286470377375,12.0,8.494452875,1.2427246634133615,-169.6016052419406,511.0,,,,,,,,,
511,Penny Hart,WR,9.840650000000002,19.4,0.0,6.844446404019831,-169.98960227967808,512.0,,,,,,,,,
512,Dezmon Patmon,WR,9.673038016613845,15.4,4.0324692668,4.042840530621312,-170.15721426306425,513.0,,,,539.0,,,,,
513,Juwann Winfree,WR,9.488879999999998,19.1,0.0,6.733657798373779,-170.3413722796781,514.0,,,,,,,,,
514,Jalen Nailor,WR,9.2392476377368,9.279040656,9.2,0.0279297847193911,-170.59100464194128,515.0,344.0,382.0,-133.0,,,,,,
515,Terry Godwin,WR,9.191720000000002,18.4,0.0,6.517725634115017,-170.6385322796781,516.0,,,,,,,,,
516,Preston Williams,WR,8.917259999999999,17.7,0.0,6.243750202594591,-170.9129922796781,517.0,,,,516.0,,,,,
517,Brandon Powell,WR,8.8678594822624,12.411442544000002,5.4,2.4686933744000497,-170.9623927974157,518.0,,,,,,,,,
518,Greg Ward,WR,8.801966710090198,13.9,3.658872459,3.614917255484357,-171.0282855695879,519.0,,,,,,,,,
519,Dazz Newsome,WR,8.637125,17.5,0.0,6.184297897447615,-171.1931272796781,520.0,,,,,,,,,
520,Shi Smith,WR,8.5755530975384,8.6,8.550781352000001,0.0173797666992122,-171.2546991821397,521.0,,,,,,,,,
521,David Moore,WR,8.56999,16.9,0.0,6.010785963574147,-171.2602622796781,522.0,,,,,,,,,
522,Marcus Johnson,WR,8.21205,16.5,0.0,5.796051224540722,-171.6182022796781,523.0,,,,,,,,,
523,Andre Roberts,WR,7.810067674461802,12.5,3.1416595320000003,3.316256756516699,-172.0201846052163,524.0,,,,,,,,,
524,N'Keal Harry,WR,7.704275,15.5,0.0,5.487006513061106,-172.1259772796781,525.0,330.0,370.0,-155.0,416.0,6.0,81%,2.4,9.3%,2.0
525,Kendall Hinton,WR,7.634959999999999,15.2,0.0,5.367444997240306,-172.19529227967809,526.0,,,,,,,,,
526,Stanley Morgan,WR,7.624796455872452,10.9,4.367231387,2.2908807000314617,-172.20545582380564,527.0,,,,,,,,,
527,Javon Wims,WR,6.835139999999999,13.8,0.0,4.87470052212441,-172.9951122796781,528.0,,,,,,,,,
528,Tre Nixon,WR,6.586422718970001,8.751089988,4.4,1.545364509510598,-173.2438295607081,529.0,,,,,,,,,
529,Scotty Miller,WR,6.4569250357020005,7.9,5.000803688,1.019140444919252,-173.3733272439761,530.0,,,,517.0,,,,,
530,Andy Isabella,WR,6.20266644832125,6.5,5.906815857,0.2094901312780885,-173.62758583135684,531.0,,,,,1.0,12%,0.4,0.7%,5.0
531,Trey Quinn,WR,6.188840000000002,12.4,0.0,4.384047838972562,-173.6414122796781,532.0,,,,,,,,,
532,Denzel Mims,WR,6.1128619585875015,8.1,4.131280125000001,1.4126608639637208,-173.7173903210906,533.0,,,,427.0,7.0,78%,3.7,8.5%,5.0
533,Seth Williams,WR,6.060959999999999,12.2,0.0,4.318347818136005,-173.7692922796781,534.0,,,,,,,,,
534,Jaelon Darden,WR,6.044831518399999,10.0,2.199648,2.758671406469238,-173.7854207612781,535.0,327.0,367.0,-168.0,490.0,,,,,
535,Nsimba Webster,WR,5.540009999999999,11.1,0.0,3.914213037112313,-174.2902422796781,536.0,,,,,,,,,
536,Malik Turner,WR,5.31378,10.6,0.0,3.736380616532528,-174.51647227967808,537.0,,,,,,,,,
537,Dax Milne,WR,5.21245551433203,6.3,4.120770492599999,0.7711643171276561,-174.61779676534607,538.0,,,,,,,,,
538,Bo Melton,WR,5.205928586748679,6.3,4.1251239176,0.7751097788033713,-174.6243236929294,539.0,,,,483.0,,,,,
539,Greg Dortch,WR,4.906440000000001,9.9,0.0,3.5201515629870257,-174.9238122796781,540.0,,,,500.0,,,,,
540,Daurice Fountain,WR,4.82200539283655,5.243251859000001,4.4,0.2995916111987063,-175.00824688684153,541.0,,,,,,,,,
541,Trenton Irwin,WR,4.6530000000000005,9.4,0.0,3.3157492365979664,-175.1772522796781,542.0,,,,,,,,,
542,Lil'Jordan Humphrey,WR,4.627599999999999,9.2,0.0,3.226446689471252,-175.2026522796781,543.0,,,,532.0,,,,,
543,Steven Sims,WR,4.38284,8.8,0.0,3.119611760203504,-175.4474122796781,544.0,,,,,,,,,
544,Matthew Slater,WR,4.37228,8.8,0.0,3.117052389935081,-175.4579722796781,545.0,,,,,,,,,
545,Gunner Olszewski,WR,4.30762040343352,6.591365705199999,2.0,1.6134795989359778,-175.52263187624456,546.0,,,,,,,,,
546,Collin Johnson,WR,4.275925,8.5,0.0,2.9842832714698853,-175.5543272796781,547.0,,,,,,,,,
547,Keelan Doss,WR,4.27162,8.6,0.0,3.0178417081749003,-175.55863227967808,548.0,,,,,,,,,
548,Isaiah Coulter,WR,3.936175,7.9,0.0,2.7938753764931965,-175.8940772796781,549.0,,,,,,,,,
549,Trinity Benson,WR,3.926615000000001,7.7,0.0,2.71555756554248,-175.9036372796781,550.0,,,,,,,,,
550,Cody Thompson,WR,3.9000500000000007,7.7,0.0,2.7197218603195434,-175.9302022796781,551.0,,,,,,,,,
551,Cameron Batson,WR,3.88869,7.8,0.0,2.755762160256215,-175.9415622796781,552.0,,,,,,,,,
552,Geronimo Allison,WR,3.868865000000001,7.7,0.0,2.701800392659495,-175.9613872796781,553.0,,,,,,,,,
553,Justin Watson,WR,3.8053729847587,5.119652789,2.5,0.9164933437266912,-176.0248792949194,554.0,,,,457.0,,,,,
554,Jake Kumerow,WR,2.6293299999999995,5.3,0.0,1.8744683915980016,-177.20092227967808,555.0,336.0,376.0,-179.0,,,,,,
555,Joe Reed,WR,2.39712,4.8,0.0,1.695695640614789,-177.4331322796781,556.0,,,,,,,,,
556,Alex Erickson,WR,2.149624704,2.199648,2.1,0.0350678854026697,-177.6806275756781,557.0,,,,,,,,,
557,Josh Gordon,WR,2.04713,4.1,0.0,1.4553527967815911,-177.78312227967808,558.0,326.0,366.0,-192.0,,,,,,
558,Frank Darby,WR,1.955265,3.9,0.0,1.378710277678019,-177.8749872796781,559.0,,,,,,,,,
559,Lawrence Cager,WR,0.0,0.0,0.0,0.0,-179.8302522796781,566.5,,,,,,,,,
560,Dan Chisena,WR,0.0,0.0,0.0,0.0,-179.8302522796781,566.5,,,,,,,,,
561,Kevin White,WR,0.0,0.0,0.0,0.0,-179.8302522796781,566.5,,,,,,,,,
562,Isaiah Zuber,WR,0.0,0.0,0.0,0.0,-179.8302522796781,566.5,,,,,,,,,
563,John Hightower,WR,0.0,0.0,0.0,0.0,-179.8302522796781,566.5,,,,,,,,,
564,River Cracraft,WR,0.0,0.0,0.0,0.0,-179.8302522796781,566.5,,,,,,,,,
565,Kelvin Harmon,WR,0.0,0.0,0.0,0.0,-179.8302522796781,566.5,,,,,,,,,
566,Deon Cain,WR,0.0,0.0,0.0,0.0,-179.8302522796781,566.5,,,,,,,,,
567,Robert Foster,WR,0.0,0.0,0.0,0.0,-179.8302522796781,566.5,,,,,,,,,
568,Tavon Austin,WR,0.0,0.0,0.0,0.0,-179.8302522796781,566.5,,,,,,,,,
569,Vyncint Smith,WR,0.0,0.0,0.0,0.0,-179.8302522796781,566.5,,,,,,,,,
570,Austin Mack,WR,0.0,0.0,0.0,0.0,-179.8302522796781,566.5,,,,,,,,,
571,Tom Kennedy,WR,0.0,0.0,0.0,0.0,-179.8302522796781,566.5,,,,,,,,,
572,Rico Gafford,WR,0.0,0.0,0.0,0.0,-179.8302522796781,566.5,,,,,,,,,
573,Desmond Ridder,QB,70.2803751222954,105.32184873200002,35.36666666666667,25.1779535520479,-181.2108232470232,574.0,284.0,327.0,-247.0,371.0,,,,,
574,Joe Flacco,QB,27.40661758866933,29.415294001333336,25.4,1.4532887142460376,-224.0845807806492,575.0,,,,493.0,,,,,
575,Sam Darnold,QB,25.078171695774003,36.3,13.981327955,7.879539444257476,-226.41302667354452,576.0,376.0,398.0,-178.0,352.0,7.0,43%,1.7,3.3%,4.0
576,Andy Dalton,QB,24.851375636480007,29.448727200000008,20.2,3.441383733689328,-226.63982273283852,577.0,387.0,406.0,-171.0,,6.0,36%,1.3,2.6%,5.0
577,Tyrod Taylor,QB,23.282923589456804,29.544046207333334,17.166666666666668,4.562823641072029,-228.20827477986177,578.0,,,,518.0,11.0,34%,2.7,2.4%,5.0
578,Teddy Bridgewater,QB,22.142687893241668,28.792165616666665,15.533333333333331,5.417827290875817,-229.3485104760769,579.0,284.0,326.0,-253.0,419.0,9.0,12%,0.4,0.7%,3.0
579,Tyler Huntley,QB,21.16879336819496,26.014609102,16.166666666666668,3.658866051973712,-230.3224050011236,580.0,334.0,375.0,-205.0,534.0,,,,,
580,Gardner Minshew,QB,20.6843021663148,26.860244114666667,14.6,4.950321691562997,-230.80689620300376,581.0,,,,475.0,,,,,
581,Kyle Allen,QB,16.750799216001667,22.68178932666667,10.833333333333334,4.690117340357347,-234.7403991533169,582.0,,,,,,,,,
582,Case Keenum,QB,16.550631128032396,20.313220382300003,12.7132203823,2.8195450079905955,-234.94056724128615,583.0,,,,,,,,,
583,Jordan Love,QB,15.9094001999706,18.229954226,13.566666666666668,1.6474016901893764,-235.581798169348,584.0,,,,,2.0,10%,1.8,0.6%,5.0
584,Cooper Rush,QB,14.773248235131735,16.946377047333332,12.566666666666668,1.596564766870342,-236.7179501341868,585.0,,,,,,,,,
585,Blaine Gabbert,QB,14.55464397712938,18.7001577807,10.4,2.937771609285305,-236.9365543921892,586.0,29.0,28.0,-558.0,,,,,,
586,Trevor Siemian,QB,14.5320277412144,15.16201627466667,13.895349608000002,0.4560764075027306,-236.95917062810415,587.0,,,,,,,,,
587,Chad Henne,QB,14.192024973870334,18.375507629666668,9.966666666666669,2.9931833452272523,-237.29917339544824,588.0,,,,,,,,,
588,John Wolford,QB,13.899051883705534,16.592184044666666,11.233333333333334,2.0343488251279505,-237.59214648561303,589.0,,,,,,,,,
589,Colt McCoy,QB,13.884037513639,15.000182240666666,12.766666666666666,0.8505091639040422,-237.6071608556796,590.0,,,,,,,,,
590,Jarrett Stidham,QB,13.584260629120156,15.8120537572,11.366666666666667,1.6826754777132569,-237.9069377401984,591.0,,,,,,,,,
591,Brandon Allen,QB,13.320918599689398,16.105606922000003,10.566666666666666,2.0597816570838217,-238.1702797696292,592.0,,,,,,,,,
592,Chase Daniel,QB,13.3094418310218,16.304643726,10.3,2.1875558610678434,-238.1817565382968,593.0,,,,,,,,,
593,Sean Mannion,QB,13.0677781709766,15.284510329333337,10.9,1.6420840647286763,-238.423420198342,594.0,,,,,,,,,
594,Malik Willis,QB,12.832644020061467,14.973494669333334,10.7,1.5290433190034958,-238.6585543492571,595.0,306.5,352.0,-243.0,432.0,,,,,
595,Matt Corral,QB,12.81881133824427,13.909855569333336,11.709855569333332,0.7755817999412595,-238.6723870310743,596.0,,,,453.0,,,,,
596,Nick Foles,QB,12.703614578155769,14.853197320133331,10.566666666666666,1.6654557011256848,-238.7875837911628,597.0,,,,,,,,,
597,Brian Hoyer,QB,12.298085475152828,13.324875329466666,11.2582086628,0.7756492578113365,-239.19311289416572,598.0,,,,,,,,,
598,Tim Boyle,QB,11.957752900066666,13.925402900066668,9.992069566733331,1.423336148329805,-239.5334454692519,599.0,,,,,,,,,
599,CJ Beathard,QB,11.853075,13.9,9.8,1.4462277809442745,-239.63812336931855,600.0,,,,,,,,,
600,Taylor Heinicke,QB,11.725619482742433,13.833333333333334,9.580278220666663,1.533036900301206,-239.7655788865761,601.0,,,,519.0,5.0,15%,0.6,1%,2.0
601,Josh Johnson,QB,11.408041135018976,17.569417482749998,5.15,3.617031707381775,-240.0831572342996,602.0,,,,,,,,,
602,Mason Rudolph,QB,11.350503333333336,18.166666666666668,4.633333333333334,4.932977168673656,-240.14069503598523,603.0,,,,,,,,,
603,Nate Sudfeld,QB,10.916683873558105,14.485802687,7.4,2.501060608875614,-240.57451449576047,604.0,,,,,,,,,
604,Jimmy Garoppolo,QB,10.511063333333333,16.099999999999998,4.966666666666667,4.326447778539958,-240.98013503598523,605.0,250.0,285.0,-320.0,328.0,8.0,22%,0.5,1.5%,2.0
605,Kyle Trask,QB,8.408816666666665,13.566666666666668,3.233333333333333,3.700277247833375,-243.0823817026519,606.0,,,,,,,,,
606,Sam Howell,QB,7.951312007026351,8.1,7.798554499800001,0.106055466287792,-243.5398863622922,607.0,,,,520.0,,,,,
607,Joshua Dobbs,QB,7.673954087586973,12.4,2.974099256066667,3.3562374033957774,-243.8172442817316,608.0,,,,,,,,,
608,Nick Mullens,QB,6.255653333333332,10.566666666666668,1.8333333333333333,3.1212043323477987,-245.23554503598524,609.0,,,,,,,,,
609,Kellen Mond,QB,6.191793333333333,11.1,1.4333333333333331,3.5029232214061827,-245.29940503598525,610.0,,,,,,,,,
610,Mike White,QB,6.037783333333333,10.533333333333331,1.5333333333333332,3.217686725609979,-245.45341503598524,611.0,,,,,,,,,
611,Nathan Peterman,QB,5.820193333333333,10.133333333333333,1.4,3.1484986556840777,-245.67100503598525,612.0,,,,,,,,,
612,Brett Rypien,QB,4.12501,8.2,0.0,2.9120473038568586,-247.36618836931856,613.0,,,,,,,,,
613,John Lovett,QB,1.435196666666667,2.8666666666666667,0.0,1.177340305372901,-250.0560017026519,614.0,,,,,,,,,
614,Chris Streveler,QB,0.0,0.0,0.0,0.0,-251.49119836931857,621.0,,,,,,,,,
615,Sam Ehlinger,QB,0.0,0.0,0.0,0.0,-251.49119836931857,621.0,,,,,,,,,
616,Will Grier,QB,0.0,0.0,0.0,0.0,-251.49119836931857,621.0,,,,,,,,,
617,Davis Webb,QB,0.0,0.0,0.0,0.0,-251.49119836931857,621.0,,,,,,,,,
618,Easton Stick,QB,0.0,0.0,0.0,0.0,-251.49119836931857,621.0,,,,,,,,,
619,Ian Book,QB,0.0,0.0,0.0,0.0,-251.49119836931857,621.0,,,,,,,,,
620,PJ Walker,QB,0.0,0.0,0.0,0.0,-251.49119836931857,621.0,,,,,,,,,
621,Jeff Driskel,QB,0.0,0.0,0.0,0.0,-251.49119836931857,621.0,,,,,,,,,
622,Logan Woodside,QB,0.0,0.0,0.0,0.0,-251.49119836931857,621.0,,,,,,,,,
623,David Blough,QB,0.0,0.0,0.0,0.0,-251.49119836931857,621.0,,,,,,,,,
624,Jacob Eason,QB,0.0,0.0,0.0,0.0,-251.49119836931857,621.0,,,,,,,,,
625,Feleipe Franks,QB,0.0,0.0,0.0,0.0,-251.49119836931857,621.0,,,,,,,,,
626,Matt Barkley,QB,0.0,0.0,0.0,0.0,-251.49119836931857,621.0,,,,,,,,,
627,Buffalo Bills,DST,175.325,238.3,113.3,43.88115341464944,,,107.5,103.0,,157.0,,,,,
628,San Francisco 49ers,DST,151.50363,194.7,108.6,30.59848033519148,,,142.8,135.0,,168.0,,,,,
629,New Orleans Saints,DST,152.18133999999998,193.3,109.7,29.40992600814222,,,138.7,126.0,,182.0,,,,,
630,Green Bay Packers,DST,150.36147499999996,188.6,112.1,27.114364727471948,,,179.8,177.0,,204.0,,,,,
631,Indianapolis Colts,DST,145.763125,184.3,106.8,27.308985178588664,,,140.7,133.0,,171.0,,,,,
632,Cleveland Browns,DST,144.0721,183.1,105.2,27.63518283076846,,,218.7,222.0,,223.0,,,,,
633,Baltimore Ravens,DST,136.90712,171.5,101.7,24.779554461402245,,,186.0,188.0,,227.0,,,,,
634,Pittsburgh Steelers,DST,137.98307999999997,162.0,113.2,17.336942801820623,,,187.2,191.0,,234.0,,,,,
635,Dallas Cowboys,DST,136.58442,161.1,112.4,17.272266361528814,,,144.7,137.0,,199.0,,,,,
636,Minnesota Vikings,DST,132.27594000000002,158.8,105.9,18.669131758504463,,,212.0,216.0,,273.0,,,,,
637,Tampa Bay Buccaneers,DST,135.84559,156.8,114.6,14.947565104454313,,,124.2,120.0,,161.0,,,,,
638,Miami Dolphins,DST,132.75336000000004,155.9,109.5,16.399868313812767,,,194.3,196.0,,207.0,,,,,
639,Arizona Cardinals,DST,129.28383,154.8,103.9,18.15698747124919,,,248.5,283.0,,251.0,,,,,
640,Chicago Bears,DST,128.05196,154.1,101.7,18.45131833117623,,,275.3,314.0,,281.0,,,,,
641,Kansas City Chiefs,DST,127.12154,149.5,105.3,15.662044695007095,,,182.8,182.0,,212.0,,,,,
642,Denver Broncos,DST,125.99360000000004,149.3,102.5,16.40311626002816,,,191.8,195.0,,181.0,,,,,
643,Washington Commanders,DST,124.97249999999998,147.8,101.8,16.044766864931386,,,230.6,245.0,,285.0,,,,,
644,Cincinnati Bengals,DST,124.939655,147.6,101.9,16.002034784082145,,,221.0,224.0,,259.0,,,,,
645,Tyler Bass,K,134.8424486048107,141.16290355033334,128.2962368836667,4.744179989298195,,,155.3,147.0,,188.0,,,,,
646,Carolina Panthers,DST,122.46102000000002,145.0,99.8,15.972504392223533,,,237.3,265.0,,266.0,,,,,
647,New England Patriots,DST,124.50456999999996,143.2,105.5,13.20217128411459,,,167.3,166.0,,185.0,,,,,
648,Tennessee Titans,DST,121.23456000000004,140.4,102.0,13.64952239480928,,,224.8,233.0,,261.0,,,,,
649,Justin Tucker,K,137.72460191155002,142.4903032166667,132.86666666666667,3.415349278798775,,,117.2,113.0,,178.0,,,,,
650,Houston Texans,DST,116.2096,138.9,93.7,16.00590652977831,,,294.0,340.0,,389.0,,,,,
651,Matt Gay,K,138.17672412076385,144.42792185666667,131.9333333333333,4.407553904593488,,,152.7,145.0,,191.0,,,,,
652,Rodrigo Blankenship,K,127.84749332472391,132.985734609,122.85240127566664,4.043166509488147,,,208.3,211.0,,230.0,,,,,
653,Evan McPherson,K,136.71640527102969,144.60753622333334,128.66666666666666,5.6637377076267,,,135.0,124.0,,203.0,,,,,
654,Detroit Lions,DST,114.540095,136.2,92.5,15.46918753978291,,,208.0,210.0,,361.0,,,,,
655,Harrison Butker,K,136.88055152960845,142.0273198093333,131.6,3.717205591043636,,,140.0,130.0,,219.0,,,,,
656,Daniel Carlson,K,134.41030071806577,137.54902491933333,131.20000000000002,2.2465263240200315,,,139.8,129.0,,201.0,,,,,
657,Jacksonville Jaguars,DST,113.86328000000005,134.3,93.5,14.416273986075602,,,282.0,323.0,,311.0,,,,,
658,Las Vegas Raiders,DST,113.752025,134.0,93.5,14.334654326120845,,,189.0,192.0,,351.0,,,,,
659,Greg Joseph,K,131.40117021686603,134.156266356,128.66666666666666,2.0237710176532806,,,226.4,234.0,,289.0,,,,,
660,Ryan Succop,K,129.44636428037086,130.678292875,128.21162620833334,0.9081249086065584,,,175.8,173.0,,214.0,,,,,
661,Matt Prater,K,129.6655988299415,132.43151547666665,126.86666666666667,1.9776482899968704,,,179.0,175.0,,215.0,,,,,
662,Dustin Hopkins,K,126.40875337480486,129.50870698100002,123.17537364766667,2.3746974031594017,,,222.2,226.0,,262.0,,,,,
663,Younghoe Koo,K,123.51361308441176,127.67602129066668,119.209354624,3.085053818237304,,,204.0,205.0,,235.0,,,,,
664,Jake Elliott,K,125.8197686917102,131.3147140146667,120.26666666666668,4.09833044374204,,,253.2,289.0,,252.0,,,,,
665,Robbie Gould,K,126.10758834573198,128.81350276,123.33333333333331,1.9619276508623384,,,232.6,248.0,,247.0,,,,,
666,Mason Crosby,K,125.96608772502417,127.05910041866667,124.86666666666667,0.8715100314757315,,,252.8,287.0,,278.0,,,,,
667,Philadelphia Eagles,DST,111.63427999999998,124.1,99.3,8.78277136680672,,,236.8,262.0,,233.0,,,,,
668,Jason Sanders,K,116.59568975253956,120.8,112.27226271533333,3.132375918882281,,,257.5,294.0,,236.0,,,,,
669,Brandon McManus,K,128.22662825661018,134.14780747933332,122.33333333333331,4.507657771899231,,,201.3,203.0,,243.0,,,,,
670,Nick Folk,K,129.04136251813915,135.42602331133332,122.63333333333333,4.9792488014428935,,,196.2,197.0,,248.0,,,,,
671,Chris Boswell,K,122.38100472433362,124.56109333933334,120.2,1.6393554951911762,,,230.6,244.0,,271.0,,,,,
672,Brett Maher,K,125.43982061256568,130.336110667,120.6,3.4379858362516105,,,,,,411.0,,,,,
673,Randy Bullock,K,120.64271075252034,123.57177363066668,117.73333333333332,2.09531228928596,,,279.5,321.0,,300.0,,,,,
674,Seattle Seahawks,DST,107.21526,119.7,94.6,8.76501344165541,,,245.0,277.0,,299.0,,,,,
675,Lirim Hajrullahu,K,87.53355,117.0,58.5,20.661046365019853,,,300.5,346.0,,,,,,,
676,Wil Lutz,K,119.256538806633,122.357212526,116.2,2.37311305506366,,,223.8,230.0,,274.0,,,,,
677,Cairo Santos,K,116.99094083053842,120.027722448,114.0,2.154710854488502,,,301.5,348.0,,297.0,,,,,
678,Graham Gano,K,118.93303095158238,125.71725231799998,112.23333333333332,5.397902133215839,,,255.3,290.0,,286.0,,,,,
679,Zane Gonzalez,K,114.337240494077,119.661567638,109.2,3.814308135246412,,,265.0,302.0,,399.0,,,,,
680,Atlanta Falcons,DST,99.51534999999998,111.1,88.0,8.21749018116237,,,185.0,185.0,,370.0,,,,,
681,Los Angeles,DST,110.04932,110.9,109.2,0.5977859463051981,,,,,,,,,,,
682,Cade York,K,113.5141343249884,124.11912151866666,102.93333333333334,7.484409115585384,,,235.3,258.0,,364.0,,,,,
683,Joey Slye,K,114.2756298774584,121.24168133066668,107.23333333333332,5.280679119771294,,,266.3,303.0,,387.0,,,,,
684,Austin Seibert,K,113.84405734175002,119.8111835,107.86666666666667,4.832082922467245,,,,,,402.0,,,,,
685,Eddy Pineiro,K,53.3074,107.0,0.0,37.84485176665381,,,,,,,,,,,
686,Jason Myers,K,102.81768362046768,115.55549697733336,89.89999999999999,9.005531189666405,,,235.0,257.0,,283.0,,,,,
687,Ka'imi Fairbairn,K,104.54692965708588,113.18182050400002,95.73333333333332,6.165352400316666,,,288.0,335.0,,306.0,,,,,
688,Greg Zuerlein,K,106.24781308112532,115.31001056,97.26666666666668,6.634391353706725,,,299.5,344.0,,268.0,,,,,
689,Ryan Santoso,K,105.1536085077568,115.750980152,94.6,7.720475497452973,,,,,,418.0,,,,,
690,New York,DST,95.19580000000002,97.2,93.2,1.414631527995895,,,,,,,,,,,
