Receiver,Team,Avg. Raw Fpts,Avg. Targets,Avg. Air Yards,Avg. Target Share,Avg. Air Yards Share,Redzone Looks,Avg. WOPR,total_fpts
G.Jennings,GB,16.89,7.9,112.05,24.547999999999995,36.6855,15,62.5,337.8
R.White,ATL,19.52941176470588,11.235294117647058,108.82352941176471,31.205294117647068,35.73058823529412,8,71.82,332.0
B.Lloyd,DEN,17.9875,9.5625,162.6875,26.854375,46.3925,25,72.76,287.8
R.Wayne,IND,16.68235294117647,10.352941176470589,113.0,24.383529411764712,31.057647058823523,9,58.32,283.6
D.Bowe,KC,17.387500000000003,8.4375,110.1875,28.291875000000005,46.73625,20,75.15,278.2
M.Wallace,PIT,14.536842105263156,6.526315789473684,97.15789473684211,21.88368421052632,34.98315789473684,15,57.31,276.20000000000005
C.Johnson,DET,17.413333333333338,9.2,128.66666666666666,24.014,45.504000000000005,24,67.87,261.2
A.Johnson,HOU,19.661538461538463,10.615384615384615,119.84615384615384,29.04384615384615,42.98230769230769,10,73.65,255.60000000000002
H.Nicks,NYG,19.24615384615385,9.846153846153847,118.23076923076923,28.14923076923077,36.57769230769231,14,67.83,250.2
St. Johnson,BUF,15.58125,8.9375,89.5,28.445,35.12,11,67.25,249.3
J.Witten,DAL,15.525,8.0625,56.5625,22.548750000000005,24.548124999999995,6,51.01,248.4
S.Moss,WAS,15.031250000000002,9.0625,86.5625,23.617499999999996,27.983124999999998,14,55.01,240.5
L.Fitzgerald,ARI,14.993749999999999,10.875,134.8125,31.271250000000006,41.939375,17,76.26,239.9
M.Colston,NO,14.93125,8.75,91.25,21.055,28.72625,11,51.69,238.9
J.Maclin,PHI,13.923529411764706,7.176470588235294,94.3529411764706,20.871764705882356,30.47,9,52.64,236.7
M.Williams,TB,14.2125,8.125,107.375,26.75875,38.5775,20,67.14,227.4
W.Welker,NE,14.09375,8.25,45.3125,25.841249999999995,19.223125,4,52.22,225.5
T.Owens,CIN,17.253846153846155,10.692307692307692,141.84615384615384,27.902307692307694,43.00846153846153,22,71.96,224.3
B.Edwards,NYJ,11.421052631578945,6.157894736842105,97.47368421052632,19.399473684210523,33.33210526315789,9,52.43,217.0
M.Austin,DAL,13.443749999999998,7.4375,75.9375,19.974375000000002,32.551874999999995,16,52.75,215.10000000000002
M.Manningham,NYG,13.024999999999999,5.75,74.0,17.026249999999997,23.904375,3,42.27,208.4
A.Boldin,BAL,11.55,6.722222222222222,75.0,21.337222222222223,26.742777777777775,19,50.73,207.9
P.Garcon,IND,13.853333333333333,8.466666666666667,104.86666666666666,20.770666666666664,29.959333333333333,14,52.13,207.8
B.Marshall,MIA,14.671428571428573,10.428571428571429,110.92857142857143,30.697142857142858,40.92357142857143,11,74.69,205.4
H.Ward,PIT,10.53684210526316,5.842105263157895,54.10526315789474,20.947894736842102,19.710526315789473,14,45.22,200.2
L.Moore,NO,12.45,6.4375,56.875,15.559375,17.310000000000002,8,35.46,199.2
D.Jackson,PHI,13.113333333333333,6.666666666666667,108.33333333333333,19.812,34.20533333333333,7,53.66,196.7
S.Holmes,NYJ,13.086666666666664,7.533333333333333,92.6,22.031333333333336,27.828000000000007,14,52.53,196.3
D.Branch,SEA,12.23125,6.375,71.75,19.303750000000004,28.228749999999998,9,48.72,195.7
J.Knox,CHI,10.744444444444447,6.277777777777778,91.27777777777777,21.399999999999995,34.09166666666667,13,55.96,193.4
D.Bess,MIA,11.981250000000001,7.875,62.0625,22.740000000000002,21.049374999999998,4,48.84,191.7
V.Davis,SF,11.850000000000001,5.875,61.75,18.81875,22.195625,6,43.77,189.60000000000002
A.Gates,LAC,18.82,6.5,63.2,19.109,23.943999999999996,8,45.42,188.2
P.Harvin,MIN,13.428571428571427,7.857142857142857,71.85714285714286,24.937857142857148,27.472857142857144,7,56.64,188.0
M.Lewis,JAX,11.749999999999998,5.5625,41.4375,18.92625,16.803124999999998,8,40.15,188.0
M.Williams,SEA,12.493333333333332,8.733333333333333,92.06666666666666,25.21733333333333,34.949333333333335,13,62.29,187.4
J.Jones,GB,9.265,5.0,57.55,14.633500000000003,19.410000000000004,8,35.54,185.3
D.Mason,BAL,10.294444444444444,5.944444444444445,78.5,19.264444444444443,30.64277777777778,11,50.35,185.3
C.Cooley,WAS,11.256250000000001,7.9375,49.5625,21.61375,16.278125,3,43.82,180.10000000000002
D.Keller,NYJ,9.988888888888889,6.888888888888889,59.388888888888886,21.27166666666667,20.47222222222222,12,46.24,179.8
J.Nelson,GB,8.84,4.65,50.0,13.555499999999999,15.630500000000003,4,31.27,176.8
C.Ochocinco,CIN,12.435714285714287,9.142857142857142,105.07142857142857,23.761428571428574,32.63214285714285,13,58.48,174.10000000000002
K.Britt,TEN,15.79090909090909,6.7272727272727275,111.18181818181819,22.94363636363636,35.05818181818182,11,58.96,173.7
T.Gonzalez,ATL,10.194117647058823,6.411764705882353,50.05882352941177,18.18235294117647,17.294705882352943,12,39.38,173.3
D.Amendola,LA,10.74375,7.6875,39.375,20.750000000000004,15.571875000000002,5,42.03,171.9
M.Thomas,JAX,10.725,6.3125,69.125,22.100624999999997,29.068125000000002,4,53.5,171.60000000000002
K.Winslow,TB,10.5625,6.125,53.5625,20.12875,19.86875,7,44.1,169.0
B.Pettigrew,DET,10.450000000000001,7.0625,39.0625,18.441249999999997,13.948125000000003,6,37.43,167.2
R.Gronkowski,NE,9.829411764705883,3.823529411764706,35.11764705882353,11.957058823529414,13.89,7,27.66,167.1
A.Collie,IND,18.522222222222226,7.777777777777778,64.77777777777777,18.174444444444443,16.357777777777777,7,38.71,166.7
M.Crabtree,SF,10.31875,6.3125,65.1875,20.901875,26.7475,6,50.08,165.10000000000002
J.Gaffney,DEN,10.28125,7.0625,81.625,19.36875,24.400624999999998,8,46.13,164.5
T.Heap,BAL,10.933333333333335,5.6,55.06666666666667,17.404666666666667,20.912,7,40.75,164.0
J.Tamme,IND,14.881818181818177,9.181818181818182,59.09090909090909,22.777272727272727,16.75818181818182,4,45.9,163.7
D.Driver,GB,8.547368421052632,5.526315789473684,52.68421052631579,17.01105263157895,17.60631578947368,9,37.84,162.4
B.Watson,CLE,10.14375,6.4375,57.625,21.14375,24.6525,7,48.97,162.3
Z.Miller,LV,10.566666666666665,6.133333333333334,44.6,19.912,17.982000000000003,5,42.46,158.5
L.McCoy,PHI,9.70625,6.125,-7.9375,17.43125,-2.69875,0,24.26,155.3
N.Burleson,DET,10.964285714285714,6.214285714285714,49.857142857142854,16.037142857142857,18.624285714285715,6,37.09,153.5
M.Forte,CHI,8.405555555555557,4.944444444444445,19.444444444444443,16.244444444444444,6.656666666666667,4,29.03,151.3
R.Rice,BAL,8.333333333333332,5.333333333333333,2.1666666666666665,17.448333333333334,1.0038888888888888,2,26.88,150.0
A.Armstrong,WAS,9.940000000000001,5.733333333333333,98.73333333333333,15.089999999999998,31.816666666666666,7,44.91,149.10000000000002
N.Washington,TEN,9.168750000000003,5.875,96.5,20.618124999999996,33.519375,11,54.39,146.7
M.Floyd,LAC,13.154545454545454,7.0,122.0909090909091,20.52272727272727,38.2590909090909,14,57.57,144.7
R.Meachem,NO,8.452941176470588,4.0588235294117645,57.588235294117645,9.733529411764705,18.0,4,27.2,143.7
K.Walter,HOU,10.221428571428572,5.714285714285714,59.214285714285715,15.689285714285717,21.142142857142858,6,38.33,143.1
M.Sims-Walker,JAX,10.12142857142857,5.714285714285714,64.71428571428571,19.474285714285713,25.25857142857143,14,46.89,141.7
E.Royal,DEN,8.73125,6.5625,47.0625,18.55625,13.697500000000002,5,37.42,139.7
A.Hernandez,NE,9.246666666666668,4.333333333333333,30.333333333333332,13.867999999999997,11.643333333333333,5,28.95,138.7
A.Foster,HOU,8.65,5.25,1.8125,14.786875,1.1731250000000002,2,23.0,138.4
G.Olsen,CHI,7.6499999999999995,4.666666666666667,42.55555555555556,15.895555555555555,16.54722222222222,9,35.43,137.7
D.Bryant,DAL,11.425000000000002,6.0,65.75,17.058333333333334,28.985,8,45.88,137.1
J.Avant,PHI,8.052941176470588,5.0588235294117645,49.0,14.475294117647058,15.501764705882351,11,32.56,136.9
E.Bennett,CHI,8.493750000000002,4.9375,40.9375,17.7575,16.43625,10,38.14,135.9
J.Shipley,CIN,8.666666666666666,4.933333333333334,38.0,13.412,11.801333333333332,4,28.38,130.0
H.Miller,PIT,7.594117647058823,4.823529411764706,44.05882352941177,17.12529411764706,16.418235294117643,4,37.18,129.1
J.Cotchery,NYJ,8.056250000000002,6.5,63.8125,21.290625000000002,22.740625,6,47.85,128.9
B.Gibson,LA,9.071428571428573,6.5,67.64285714285714,18.42785714285714,28.85,6,47.84,127.0
J.Morgan,SF,7.8625000000000025,5.0,62.9375,16.67875,25.696875,4,43.01,125.8
J.Jones,HOU,8.360000000000001,5.266666666666667,43.2,15.574000000000003,16.982666666666667,7,35.25,125.4
S.Breaston,ARI,10.4,7.25,98.41666666666667,20.08666666666667,26.255,6,48.51,124.8
B.Obomanu,SEA,8.85,5.0,50.07142857142857,14.555000000000001,17.01285714285714,3,33.74,123.9
T.Moeaki,KC,7.7375,4.8125,41.3125,17.528125,18.531250000000004,6,39.26,123.80000000000001
J.Gresham,CIN,8.219999999999999,5.6,20.333333333333332,15.370666666666668,6.201333333333333,4,27.4,123.30000000000001
D.Sproles,LAC,8.200000000000001,5.0,4.533333333333333,15.528666666666664,1.1713333333333331,0,24.11,123.0
B.Celek,PHI,8.106666666666666,5.533333333333333,49.86666666666667,15.967999999999998,16.301333333333336,7,35.36,121.6
R.Williams,DAL,8.066666666666666,4.333333333333333,45.733333333333334,12.058666666666666,19.738666666666667,7,31.91,121.0
P.Hillis,CLE,7.543749999999998,4.8125,1.9375,17.056874999999998,0.429375,0,25.89,120.7
S.Smith,NYG,13.211111111111112,8.333333333333334,104.0,25.17,33.22,6,61.01,118.9
L.Evans,BUF,9.900000000000002,7.0,110.08333333333333,21.041666666666664,38.53916666666667,10,58.54,118.80000000000001
J.Best,DET,7.913333333333333,5.333333333333333,-3.2666666666666666,13.092000000000002,-1.3880000000000001,0,18.67,118.7
K.Boss,NYG,7.873333333333334,4.666666666666667,38.666666666666664,13.945333333333334,12.596666666666666,8,29.74,118.1
M.Jenkins,ATL,9.683333333333335,6.75,91.0,18.846666666666668,29.395,5,48.85,116.2
A.Fasano,MIA,7.719999999999998,4.0,32.2,11.403333333333334,10.818,5,24.68,115.80000000000001
D.McFadden,LV,8.900000000000002,4.6923076923076925,0.07692307692307693,14.743076923076924,0.21615384615384617,1,22.27,115.7
D.Hester,CHI,6.3277777777777775,4.5,47.888888888888886,16.336111111111112,19.01111111111111,9,37.81,113.9
L.Murphy,LV,8.135714285714284,5.571428571428571,71.5,18.812857142857144,28.405,11,48.1,113.9
S.Smith,CAR,8.085714285714287,7.071428571428571,69.78571428571429,24.125714285714285,33.46214285714286,5,59.61,113.2
B.White,IND,9.408333333333333,5.416666666666667,51.583333333333336,13.836666666666664,14.283333333333337,6,30.75,112.9
J.Charles,KC,7.018750000000001,4.125,8.875,13.94125,2.8775000000000004,1,22.93,112.30000000000001
V.Shiancoe,MIN,7.466666666666667,5.333333333333333,47.53333333333333,17.023999999999997,17.642666666666667,4,37.89,112.0
J.Dreessen,HOU,7.453333333333333,3.6666666666666665,31.466666666666665,10.819333333333335,12.497333333333334,2,24.98,111.80000000000001
B.Hartline,MIA,9.208333333333332,6.083333333333333,78.41666666666667,17.835,25.044999999999998,5,44.28,110.5
D.Henderson,NO,6.300000000000001,3.9411764705882355,53.23529411764706,9.221176470588235,16.95352941176471,2,25.7,107.1
B.Stokley,SEA,8.169230769230769,4.461538461538462,41.76923076923077,12.26230769230769,13.18,3,27.62,106.2
D.Gettis,CAR,7.557142857142858,4.785714285714286,57.07142857142857,16.858571428571427,26.27,6,43.68,105.80000000000001
J.Shockey,NO,7.442857142857143,4.5,37.857142857142854,11.099999999999998,13.364285714285716,5,26.0,104.2
F.Gore,SF,9.381818181818183,6.545454545454546,3.090909090909091,19.35272727272727,0.8081818181818182,0,29.59,103.2
L.Tomlinson,NYJ,6.041176470588236,5.117647058823529,5.647058823529412,15.411764705882353,1.6976470588235295,2,24.31,102.7
B.Jackson,GB,5.029999999999999,2.9,-0.85,8.638000000000002,-0.267,0,12.77,100.6
F.Jones,DAL,6.579999999999999,3.466666666666667,-6.333333333333333,10.085333333333331,-6.941333333333332,0,10.27,98.7
D.Butler,SEA,7.576923076923077,5.384615384615385,62.07692307692308,15.726153846153842,19.324615384615385,8,37.12,98.5
T.Houshmandzadeh,BAL,5.466666666666666,3.5,44.72222222222222,11.808333333333334,16.112222222222226,7,28.99,98.4
R.Moss,NE,7.484615384615385,4.846153846153846,83.38461538461539,15.973846153846152,26.825384615384614,13,42.74,97.30000000000001
O.Daniels,HOU,8.827272727272728,6.181818181818182,46.0,17.425454545454542,15.027272727272726,2,36.66,97.1
J.Graham,NO,8.781818181818181,4.0,33.27272727272727,9.745454545454548,9.794545454545455,6,21.47,96.6
M.Massaquoi,CLE,6.42,4.866666666666666,63.53333333333333,16.520666666666667,25.916,6,42.92,96.30000000000001
J.Snelling,ATL,6.326666666666666,3.6,4.4,10.206,1.468,1,16.34,94.9
E.Sanders,PIT,6.692857142857144,4.5,57.357142857142854,13.283571428571426,17.36857142857143,5,32.08,93.7
K.Moreno,DEN,7.6833333333333345,4.0,1.1666666666666667,11.454166666666667,0.4633333333333332,0,17.51,92.2
D.Fells,LA,5.75625,4.0625,17.875,11.1675,7.603125,3,22.07,92.1
B.Scaife,TEN,7.061538461538462,4.0,25.0,14.636923076923077,9.904615384615386,3,28.89,91.8
B.LaFell,CAR,6.485714285714285,5.5,56.57142857142857,18.392857142857142,24.26285714285714,6,44.57,90.80000000000001
D.Clark,IND,14.950000000000001,8.833333333333334,63.666666666666664,21.206666666666667,18.301666666666666,1,44.62,89.7
D.Woodhead,NE,6.8538461538461535,4.076923076923077,6.6923076923076925,12.356923076923076,2.743846153846154,0,20.46,89.1
T.Scheffler,DET,5.920000000000001,4.8,35.13333333333333,12.274666666666667,12.833333333333332,4,27.4,88.80000000000001
J.Carlson,SEA,5.4937499999999995,3.875,30.5625,12.008124999999998,12.591249999999999,5,26.83,87.9
C.Williams,TB,5.833333333333335,4.266666666666667,7.2,13.466000000000003,2.3560000000000003,1,21.85,87.5
P.Crayton,LAC,10.675,5.25,67.125,14.24875,23.860000000000003,4,38.08,85.4
B.Tate,NE,5.325,3.0,42.6875,9.56125,17.454375000000002,7,26.56,85.2
R.Parrish,BUF,10.625,6.625,59.875,18.96375,28.03,2,48.07,85.0
D.Nelson,BUF,6.021428571428571,3.357142857142857,35.214285714285715,10.13642857142857,13.447857142857144,4,24.62,84.30000000000001
J.Ford,LV,7.636363636363637,4.909090909090909,72.0,16.847272727272728,25.828181818181818,5,43.35,84.0
S.Jackson,LA,5.212500000000001,3.8125,1.0,10.322499999999998,0.4262499999999999,1,15.78,83.4
K.Williams,WAS,6.300000000000001,4.461538461538462,3.769230769230769,11.646153846153844,1.0238461538461539,0,18.19,81.9
L.Robinson,LA,6.253846153846155,5.769230769230769,57.0,15.876153846153844,22.76153846153846,7,39.75,81.30000000000001
A.Bradshaw,NYG,4.9,3.625,-3.5,10.855,-1.505625,0,15.23,78.4
B.Robiskie,CLE,6.0,3.769230769230769,43.92307692307692,13.286153846153848,16.92,7,31.77,78.0
M.Jones-Drew,JAX,5.549999999999999,3.142857142857143,-0.5714285714285714,11.842857142857143,0.8078571428571427,1,18.33,77.7
A.Benn,TB,5.884615384615385,2.923076923076923,36.53846153846154,9.304615384615385,12.973076923076926,3,23.04,76.5
M.Reece,LV,5.086666666666669,2.8666666666666667,12.2,10.416666666666666,6.0,3,19.82,76.30000000000001
A.Peterson,MIN,5.435714285714285,3.5714285714285716,2.0,10.819999999999999,0.6414285714285713,0,16.68,76.1
C.Stuckey,CLE,4.9733333333333345,4.2,25.0,14.419999999999998,10.249333333333334,1,28.8,74.6
C.Johnson,TEN,4.656250000000001,3.625,1.6875,12.125625,0.07562500000000004,0,18.24,74.5
D.Thomas,NO,5.515384615384615,3.923076923076923,18.846153846153847,9.453076923076923,6.113846153846153,4,18.46,71.7
J.Cook,TEN,6.463636363636363,4.090909090909091,38.54545454545455,12.860909090909088,11.480909090909089,2,27.33,71.1
M.Goodson,CAR,5.461538461538463,4.384615384615385,-1.6923076923076923,15.11076923076923,-1.2223076923076925,1,21.81,71.0
F.Davis,WAS,5.43076923076923,2.5384615384615383,16.692307692307693,6.819999999999999,5.759230769230769,4,14.26,70.6
R.Bush,NO,7.722222222222222,5.333333333333333,1.4444444444444444,13.139999999999999,0.34111111111111114,0,19.95,69.5
D.Heyward-Bey,LV,5.716666666666666,5.416666666666667,80.0,17.243333333333336,26.1575,7,44.18,68.6
J.Forsett,SEA,3.716666666666667,3.2777777777777777,5.333333333333333,9.546666666666669,1.2355555555555557,0,15.18,66.9
A.Roberts,ARI,6.0636363636363635,4.454545454545454,39.36363636363637,12.72090909090909,13.57909090909091,1,28.59,66.7
L.Naanee,LAC,8.2875,5.875,68.5,16.68625,20.248749999999998,4,39.2,66.30000000000001
J.Simpson,CIN,16.424999999999997,6.25,69.5,20.3925,27.0075,3,49.49,65.7
M.Clayton,LA,13.12,8.4,79.4,20.686,32.624,2,53.87,65.6
F.Jackson,BUF,4.3,3.6,0.0,11.000000000000004,0.6633333333333333,0,16.96,64.5
C.Buckhalter,DEN,4.923076923076923,3.0,3.923076923076923,8.053846153846154,0.8961538461538461,1,12.71,64.0
D.Thomas,DEN,6.23,3.9,35.0,10.085,9.698000000000002,6,21.92,62.3
B.Finneran,ATL,4.792307692307692,2.923076923076923,26.23076923076923,8.223846153846154,9.026153846153846,6,18.65,62.3
Del.Walker,SF,4.776923076923077,3.4615384615384617,20.0,12.549230769230773,8.47,0,24.75,62.1
E.Doucet,ARI,6.11,5.9,50.3,16.247999999999998,14.486999999999998,3,34.51,61.1
A.Quarless,GB,3.7750000000000004,2.6875,20.75,7.7612499999999995,6.7700000000000005,3,16.38,60.400000000000006
A.Caldwell,CIN,7.437499999999999,4.625,51.25,14.587499999999999,20.14,2,35.98,59.5
M.Bennett,DAL,3.933333333333334,3.2,11.266666666666667,9.092666666666666,4.134,1,16.53,59.0
H.Douglas,ATL,3.6625000000000005,3.375,40.625,9.55625,14.39625,4,24.41,58.6
D.Rosario,CAR,3.6500000000000004,3.625,22.0,12.49875,10.961249999999998,4,26.42,58.400000000000006
J.Cribbs,CLE,4.476923076923077,3.0,34.69230769230769,10.659230769230769,15.29307692307692,2,26.69,58.2
R.Brown,MIA,3.813333333333333,2.8,2.466666666666667,8.175333333333333,1.0873333333333335,0,13.02,57.2
J.Finley,GB,14.275,6.5,66.0,22.8825,20.485,1,48.66,57.1
S.Rice,MIN,9.5,7.0,122.33333333333333,23.078333333333337,46.17333333333334,6,66.94,57.0
V.Jackson,LAC,14.2,6.0,67.25,19.705000000000002,32.06,1,52.0,56.8
D.Alexander,LA,7.074999999999999,4.625,60.5,13.9025,24.72625,2,38.16,56.6
A.Randle El,PIT,3.8785714285714286,3.0,38.142857142857146,10.307142857142859,14.058571428571426,2,25.3,54.3
E.Moore,CLE,6.022222222222222,2.888888888888889,43.44444444444444,9.173333333333336,16.317777777777778,3,25.18,54.2
R.McMichael,LAC,3.8642857142857143,1.9285714285714286,14.0,6.222857142857142,6.437857142857143,3,13.84,54.1
J.Kuhn,GB,3.857142857142857,1.7857142857142858,-1.0,5.27642857142857,-0.4264285714285715,0,7.62,54.0
M.Spurlock,TB,4.153846153846154,2.5384615384615383,39.69230769230769,8.011538461538462,13.533076923076923,6,21.49,54.0
D.McCluster,KC,4.872727272727273,3.909090909090909,13.727272727272727,15.71,6.343636363636364,0,28.01,53.6
B.Berrian,MIN,4.433333333333334,4.5,46.916666666666664,13.669166666666664,17.590000000000003,2,32.82,53.2
C.Davis,LAC,7.557142857142858,5.571428571428571,57.142857142857146,14.564285714285715,15.885714285714286,3,32.97,52.900000000000006
J.Gage,TEN,4.781818181818182,3.909090909090909,55.81818181818182,13.34909090909091,17.093636363636367,2,31.99,52.6
D.Hagan,NYG,7.471428571428572,6.142857142857143,61.0,20.615714285714287,24.087142857142858,2,47.78,52.3
C.Benson,CIN,3.7,2.642857142857143,1.0714285714285714,6.953571428571428,0.4642857142857143,0,10.76,51.8
S.Ajirotutu,LAC,8.533333333333333,3.8333333333333335,62.833333333333336,12.08333333333333,25.666666666666668,2,36.09,51.2
G.Camarillo,MIN,4.166666666666667,2.8333333333333335,25.833333333333332,9.286666666666667,9.724166666666667,0,20.74,50.0
C.Chambers,KC,4.108333333333333,3.5833333333333335,45.0,11.680833333333334,17.1725,3,29.54,49.3
P.Thomas,NO,8.183333333333334,4.833333333333333,-9.0,12.288333333333334,-3.8200000000000003,0,15.76,49.1
R.Mendenhall,PIT,2.716666666666667,2.1666666666666665,-0.7777777777777778,7.506111111111112,-0.20222222222222214,0,11.12,48.900000000000006
M.Moore,PIT,3.4571428571428577,2.2857142857142856,1.8571428571428572,8.274285714285714,0.32071428571428573,0,12.64,48.400000000000006
R.Jennings,JAX,4.82,3.4,5.2,11.578000000000001,2.2300000000000004,0,18.93,48.2
S.Stroughter,TB,4.354545454545455,3.4545454545454546,28.90909090909091,10.182727272727275,8.825454545454546,2,21.45,47.900000000000006
Z.Miller,JAX,4.76,2.6,19.0,9.461,8.006,0,19.8,47.6
A.Brown,PIT,4.67,2.7,20.8,8.594,6.614,0,17.52,46.7
M.Tolbert,LAC,3.883333333333333,2.4166666666666665,2.0,7.494166666666665,0.9899999999999999,0,11.93,46.6
C.Spiller,BUF,4.569999999999999,3.0,6.3,10.082,-7.954000000000001,1,9.56,45.7
M.Hoomanawanui,LA,6.514285714285714,3.142857142857143,12.857142857142858,9.055714285714286,5.778571428571429,1,17.63,45.6
D.Jones,BUF,5.6625000000000005,5.125,45.625,15.92125,14.585,3,34.09,45.3
G.Tate,SEA,3.476923076923077,3.230769230769231,33.23076923076923,9.679230769230768,10.01153846153846,3,21.53,45.2
J.King,CAR,3.0785714285714287,2.2857142857142856,11.071428571428571,7.967857142857142,5.2492857142857146,1,15.63,43.1
M.Sellers,WAS,2.8399999999999994,2.7333333333333334,11.4,7.4879999999999995,3.997333333333333,1,14.03,42.6
R.Torain,WAS,4.722222222222221,3.0,-5.0,7.378888888888889,-1.3933333333333333,0,10.09,42.5
J.Hester,LAC,4.25,2.6,-0.6,9.184999999999999,-0.22200000000000003,1,13.62,42.5
M.Morris,DET,4.666666666666666,3.4444444444444446,4.555555555555555,9.174444444444443,1.7022222222222223,1,14.95,42.0
J.Hill,JAX,6.966666666666666,3.5,61.833333333333336,11.025,25.531666666666666,2,34.41,41.8
B.Bajema,LA,5.0625,3.0,19.0,8.45125,7.928750000000001,2,18.23,40.5
D.Brown,IND,3.375,2.3333333333333335,5.666666666666667,5.348333333333334,1.3958333333333333,1,9.0,40.5
B.Leonard,CIN,3.609090909090909,2.3636363636363638,6.090909090909091,6.663636363636365,2.18,0,11.52,39.7
B.Johnson,DET,2.8000000000000003,3.5714285714285716,42.857142857142854,8.955714285714285,15.224285714285713,6,24.09,39.2
R.Williams,MIA,2.792857142857143,2.142857142857143,3.857142857142857,5.935714285714285,1.441428571428571,0,9.91,39.1
O.Schmitt,PHI,2.9692307692307693,1.8461538461538463,5.769230769230769,5.33923076923077,1.9607692307692308,0,9.38,38.6
D.Williams,TEN,4.211111111111111,3.111111111111111,41.44444444444444,10.33111111111111,12.534444444444444,1,24.27,37.900000000000006
T.Gerhart,MIN,2.9000000000000004,2.230769230769231,0.15384615384615385,6.832307692307693,-0.15230769230769228,0,10.14,37.7
M.Bush,LV,4.155555555555555,2.6666666666666665,1.7777777777777777,9.174444444444443,0.6388888888888888,0,14.21,37.400000000000006
L.Betts,NO,5.3,4.428571428571429,-2.2857142857142856,9.837142857142856,-0.8842857142857142,0,14.14,37.1
B.Westbrook,SF,4.111111111111111,2.6666666666666665,-0.3333333333333333,9.242222222222223,0.8733333333333335,0,14.47,37.0
G.Lewis,MIN,3.0583333333333336,3.0833333333333335,28.916666666666668,8.920833333333333,10.051666666666668,2,20.42,36.7
T.Beckum,NYG,2.8153846153846156,1.3846153846153846,9.76923076923077,4.113076923076923,3.256153846153846,2,8.45,36.6
R.Mathews,LAC,3.3181818181818183,2.3636363636363638,-5.0,7.176363636363638,-2.856363636363637,0,8.77,36.5
M.Lynch,BUF,3.3181818181818183,2.4545454545454546,0.0,6.49,-0.004545454545454544,0,9.73,36.5
K.Washington,LAC,7.26,2.8,25.0,9.002,10.918000000000001,1,21.15,36.3
D.Lee,GB,4.033333333333334,1.4444444444444444,3.2222222222222223,4.471111111111111,1.027777777777778,3,7.43,36.3
C.Taylor,CHI,3.2818181818181817,2.4545454545454546,2.727272727272727,8.507272727272728,1.0227272727272727,0,13.48,36.1
A.Crumpler,NE,4.011111111111111,1.6666666666666667,10.666666666666666,4.78,3.6999999999999997,3,9.76,36.1
C.Stevens,TEN,2.707692307692308,1.7692307692307692,6.923076923076923,6.423846153846153,2.3846153846153846,2,11.3,35.2
E.Graham,TB,3.888888888888889,2.111111111111111,2.6666666666666665,7.495555555555555,0.8911111111111113,0,11.87,35.0
J.Gilmore,TB,3.888888888888889,2.0,9.0,6.85,3.463333333333333,1,12.7,35.0
J.Jones,NO,3.888888888888889,3.4444444444444446,-6.0,8.236666666666666,-1.7477777777777779,2,11.13,35.0
T.Hightower,ARI,2.1625,2.625,0.9375,7.596250000000001,0.29375000000000007,1,11.6,34.6
L.McClain,BAL,2.6461538461538465,2.0,-0.8461538461538461,6.87846153846154,-0.49076923076923085,1,9.97,34.4
T.Ginn,SF,2.6384615384615384,2.6923076923076925,40.92307692307692,9.147692307692308,14.150769230769232,2,23.63,34.3
T.Copper,KC,3.063636363636364,2.5454545454545454,15.818181818181818,8.353636363636364,5.861818181818182,3,16.63,33.7
R.Martin,SEA,8.4,2.75,41.25,7.035,14.785,1,20.9,33.6
E.Dickson,BAL,2.56923076923077,1.8461538461538463,18.23076923076923,6.290000000000001,7.075384615384616,3,14.39,33.4
D.Graham,DEN,2.3428571428571425,2.642857142857143,16.5,7.082857142857143,4.115714285714286,4,13.51,32.8
W.McGahee,BAL,2.9,2.0,-3.090909090909091,6.2309090909090905,-1.4527272727272729,0,8.33,31.9
J.Kleinsasser,MIN,2.271428571428572,1.5,6.0,5.195714285714286,2.3057142857142856,1,9.41,31.8
O.Mughelli,ATL,3.1599999999999997,1.8,3.6,5.51,1.2109999999999999,1,9.11,31.6
J.Addai,IND,3.488888888888889,3.0,5.777777777777778,7.378888888888889,1.4344444444444444,0,12.07,31.4
C.Morrah,SEA,3.1100000000000003,2.4,22.4,7.419,8.754,0,17.26,31.1
S.Greene,NYJ,2.3,1.9230769230769231,3.3076923076923075,5.738461538461539,0.6723076923076922,0,9.08,29.9
L.Pope,KC,2.1142857142857143,1.3571428571428572,8.357142857142858,4.981428571428572,3.4821428571428577,2,9.91,29.6
H.Evans,NO,2.672727272727273,1.4545454545454546,2.090909090909091,3.261818181818182,0.620909090909091,0,5.33,29.4
J.Galloway,WAS,2.93,3.8,64.6,10.361,18.473999999999997,3,28.47,29.3
P.Cobbs,MIA,3.6375,2.375,21.125,6.699999999999999,5.7225,0,14.06,29.1
C.Hall,PHI,5.7,3.6,37.2,11.38,10.886,1,24.69,28.5
R.Cooper,PHI,3.5500000000000003,2.75,33.25,7.534999999999999,8.70875,4,17.4,28.4
I.Redman,PIT,3.5250000000000004,1.25,0.625,4.827500000000001,0.56375,0,7.64,28.2
T.Jones,KC,2.3333333333333335,1.75,3.0,6.319999999999999,1.4449999999999996,0,10.49,28.0
T.Choice,DAL,3.1000000000000005,2.4444444444444446,-1.7777777777777777,6.77,-1.2666666666666666,0,9.27,27.9
B.Patrick,ARI,3.0333333333333337,2.0,12.666666666666666,6.392222222222221,4.177777777777777,0,12.51,27.3
L.Stephens-Howling,ARI,2.71,2.3,6.6,6.524000000000001,1.967,0,11.16,27.1
C.Baker,SEA,2.4181818181818184,1.7272727272727273,14.727272727272727,4.848181818181818,4.784545454545454,2,10.62,26.6
S.Hurd,DAL,2.6,2.3,15.8,6.053,5.661,3,13.04,26.0
J.Peelle,ATL,2.8444444444444446,1.6666666666666667,6.666666666666667,4.7011111111111115,2.821111111111111,1,9.03,25.6
A.Hall,TEN,2.272727272727273,1.8181818181818181,-0.45454545454545453,6.002727272727273,-0.017272727272727148,0,8.99,25.0
D.Aromashodu,CHI,2.766666666666667,2.7777777777777777,30.11111111111111,8.434444444444445,9.889999999999999,1,19.57,24.9
V.Tucker,KC,2.7666666666666666,2.4444444444444446,38.22222222222222,9.817777777777778,17.474444444444444,2,26.96,24.9
M.Spaeth,PIT,2.7666666666666666,2.2222222222222223,16.88888888888889,6.902222222222224,5.178888888888888,3,13.98,24.9
M.Moore,MIA,3.542857142857143,2.7142857142857144,34.42857142857143,8.538571428571428,10.820000000000002,1,20.38,24.8
J.Stewart,CAR,2.4299999999999997,1.4,3.0,5.067,2.353,0,9.25,24.3
M.Komar,ARI,2.9624999999999995,2.75,27.25,8.5975,9.32375,0,19.42,23.700000000000003
B.Green-Ellis,NE,2.36,1.9,4.2,5.840999999999999,1.5250000000000001,0,9.83,23.6
R.Davis,CHI,7.8,4.333333333333333,27.0,12.530000000000001,9.5,1,25.44,23.4
K.Smith,DET,3.8833333333333333,2.6666666666666665,4.166666666666667,5.705000000000001,1.265,0,9.44,23.3
J.Stupar,BUF,3.3000000000000003,1.8571428571428572,3.7142857142857144,7.422857142857143,1.04,0,11.86,23.1
N.Roosevelt,BUF,7.633333333333333,5.666666666666667,64.66666666666667,18.746666666666666,20.2,2,42.26,22.9
D.Anderson,HOU,2.8375000000000004,2.25,23.625,5.965,6.9575,0,13.82,22.700000000000003
E.Decker,DEN,4.5200000000000005,1.6,24.0,4.558,6.017999999999999,1,11.05,22.6
C.Harbor,PHI,4.4399999999999995,3.0,26.6,8.297999999999998,7.206,1,17.49,22.2
K.Darby,LA,2.21,1.3,-2.2,3.7019999999999995,-1.042,0,4.82,22.1
D.Briscoe,TB,10.65,3.5,37.5,12.83,19.435,2,32.85,21.3
K.Davis,CHI,5.275,1.25,14.5,4.115,4.6325,0,9.42,21.1
M.Stovall,TB,5.275,2.25,9.5,8.8025,5.7575,2,17.23,21.1
J.Harrison,CLE,3.4166666666666665,2.1666666666666665,0.3333333333333333,6.478333333333333,0.28999999999999987,0,9.92,20.5
M.Turner,ATL,1.7083333333333333,1.75,2.0833333333333335,5.133333333333334,0.9208333333333334,0,8.34,20.5
J.Higgins,LV,2.0300000000000002,3.1,34.4,9.543000000000001,12.479,3,23.05,20.3
B.Myers,LV,2.2222222222222223,1.7777777777777777,8.555555555555555,5.071111111111112,2.572222222222222,0,9.41,20.0
D.Clowney,NYJ,2.4250000000000003,2.0,30.0,6.70875,12.311249999999998,1,18.68,19.4
S.Williams,ARI,3.1833333333333336,3.8333333333333335,41.0,12.323333333333332,14.270000000000001,2,28.47,19.1
T.Underwood,JAX,2.7285714285714286,3.142857142857143,53.42857142857143,10.25,19.102857142857143,2,28.75,19.1
T.Sutton,CAR,4.75,3.0,-0.75,9.6925,-0.5300000000000002,0,14.17,19.0
T.Crabtree,GB,2.3625000000000003,1.25,4.5,3.6049999999999995,1.5725,1,6.51,18.9
R.Williams,WAS,1.89,1.8,15.8,4.896,5.35,1,11.09,18.9
L.Washington,SEA,2.3625,1.75,1.5,4.56,0.3450000000000001,0,7.08,18.9
D.Zeigler,SF,2.3500000000000005,1.875,26.5,5.339999999999999,10.706249999999997,0,15.5,18.8
L.Polite,MIA,1.6454545454545453,1.5454545454545454,1.6363636363636365,4.470000000000001,0.8372727272727272,0,7.29,18.1
K.Osgood,JAX,1.8000000000000003,1.6,16.6,5.296,6.5760000000000005,4,12.55,18.0
J.Casey,HOU,2.966666666666667,2.3333333333333335,12.0,7.156666666666666,5.2749999999999995,0,14.43,17.8
J.Edelman,NE,2.225,1.875,5.125,6.16875,2.0325,0,10.68,17.8
D.Williams,CAR,4.325,3.25,-1.75,10.31,-0.7999999999999999,0,14.9,17.3
D.Martin,BUF,2.8833333333333333,1.3333333333333333,4.666666666666667,4.53,1.8033333333333335,1,8.06,17.3
V.Leach,HOU,1.9000000000000001,1.6666666666666667,5.222222222222222,4.636666666666667,2.192222222222222,0,8.49,17.1
B.Scott,CIN,2.8333333333333335,2.1666666666666665,-2.3333333333333335,5.078333333333333,-0.8700000000000001,0,7.01,17.0
R.Royal,CLE,2.3714285714285714,1.7142857142857142,17.0,5.2942857142857145,6.337142857142857,5,12.38,16.6
C.Gronkowski,DAL,2.75,2.3333333333333335,2.8333333333333335,7.486666666666667,0.5366666666666667,3,11.61,16.5
B.Pascoe,NYG,2.025,1.625,3.25,5.271249999999999,1.2999999999999998,0,8.82,16.2
S.Larsen,DEN,3.22,1.0,2.0,2.932,0.698,0,4.89,16.1
N.Tahi,MIN,3.1799999999999997,1.2,0.6,3.842,0.17800000000000002,0,5.89,15.9
M.Barber,DAL,1.9875000000000003,1.875,-4.375,5.50875,-2.85625,0,6.26,15.9
G.Jones,JAX,1.7444444444444445,1.2222222222222223,0.5555555555555556,4.7877777777777775,-0.20444444444444446,0,7.04,15.7
B.Manumaleuna,CHI,2.5500000000000003,1.1666666666666667,4.666666666666667,4.108333333333333,2.01,1,7.57,15.3
J.James,IND,3.825,2.75,-5.25,5.7625,-1.1925000000000001,1,7.81,15.3
C.Schilens,LV,3.75,2.25,27.0,8.645,11.6775,2,21.14,15.0
A.Arrington,NO,14.9,9.0,87.0,22.5,30.31,0,54.97,14.9
S.Morris,NE,1.8375000000000001,1.5,3.875,4.69125,1.5512499999999998,0,8.12,14.7
D.Gronkowski,DEN,1.6111111111111114,1.4444444444444444,8.555555555555555,3.8544444444444443,2.395555555555555,1,7.46,14.5
T.Castille,KC,2.8600000000000003,2.4,3.8,8.678,1.7600000000000002,0,14.25,14.3
R.Kelly,CIN,2.3666666666666667,2.1666666666666665,1.6666666666666667,6.351666666666666,0.6566666666666666,0,9.99,14.2
M.Palmer,ATL,2.3166666666666664,1.3333333333333333,8.333333333333334,3.513333333333333,2.8000000000000003,1,7.23,13.9
W.Heller,DET,3.4250000000000003,1.25,2.5,3.925,1.1375000000000002,0,6.68,13.7
D.Ware,NYG,2.2833333333333337,1.5,4.0,5.208333333333333,1.03,0,8.53,13.7
M.Bell,PHI,3.4250000000000003,2.5,3.5,6.432500000000001,1.0325,0,10.37,13.7
J.Felton,DET,1.3399999999999999,1.5,0.4,3.636999999999999,0.05399999999999996,0,5.49,13.4
K.Wilson,LAC,2.216666666666667,1.5,4.666666666666667,4.295,2.1216666666666666,0,7.93,13.3
B.Swain,GB,1.8857142857142855,1.5714285714285714,13.571428571428571,4.457142857142857,4.784285714285714,0,10.03,13.2
D.Ward,HOU,1.8714285714285712,1.5714285714285714,3.2857142857142856,4.411428571428572,1.0342857142857143,0,7.34,13.100000000000001
M.Robinson,SEA,1.4444444444444444,1.5555555555555556,3.888888888888889,4.573333333333333,1.1866666666666665,0,7.69,13.0
B.Smith,NYJ,1.842857142857143,1.2857142857142858,6.857142857142857,3.8200000000000003,2.3185714285714285,0,7.35,12.9
B.Jacobs,NYG,1.8428571428571427,1.8571428571428572,4.571428571428571,5.397142857142856,1.8528571428571428,0,9.39,12.9
A.Brown,DET,4.166666666666667,4.333333333333333,10.666666666666666,9.52,2.936666666666666,0,16.34,12.5
C.Wells,ARI,1.7714285714285711,1.1428571428571428,7.571428571428571,3.37,2.6228571428571428,0,6.89,12.4
M.Gilyard,LA,2.46,3.2,29.8,8.1,10.894,3,19.78,12.3
J.Wright,ARI,2.033333333333333,2.6666666666666665,2.1666666666666665,6.784999999999999,0.8900000000000001,0,10.8,12.2
R.Wallace,MIA,1.742857142857143,1.4285714285714286,12.0,4.041428571428571,3.8428571428571425,1,8.75,12.2
K.Faulk,NE,6.1,5.0,23.0,14.285,8.155,0,27.14,12.2
E.Weems,ATL,4.033333333333332,2.0,13.0,4.913333333333333,3.4933333333333336,0,9.82,12.100000000000001
A.Gonzalez,IND,5.85,4.5,47.0,9.295,12.27,0,22.53,11.7
R.Barden,NYG,2.8500000000000005,1.75,17.75,4.27,4.7975,1,9.76,11.4
J.Ringer,TEN,1.425,1.0,3.0,3.2512499999999998,1.0599999999999998,0,5.62,11.4
K.Sperry,LAC,3.766666666666667,1.3333333333333333,11.333333333333334,4.853333333333333,5.353333333333333,0,11.03,11.3
L.Hawkins,TEN,5.550000000000001,3.0,44.5,8.37,8.515,1,18.52,11.100000000000001
S.Spach,ARI,1.0,1.5454545454545454,11.454545454545455,4.884545454545455,4.0636363636363635,0,10.17,11.0
C.Portis,WAS,2.1,1.8,1.6,6.164,0.39199999999999985,0,9.52,10.5
D.Stallworth,BAL,2.55,1.25,32.25,4.345,11.9975,0,14.92,10.200000000000001
G.Robinson,IND,2.04,1.4,5.8,3.2359999999999998,1.55,1,5.94,10.2
B.James,IND,5.0,5.5,40.5,14.235,12.415000000000001,1,30.04,10.0
L.Maroney,DEN,4.5,3.5,2.0,6.63,0.35500000000000004,0,10.19,9.0
L.Paulsen,WAS,4.5,1.0,0.5,2.565,0.425,1,4.15,9.0
B.Eldridge,IND,1.4833333333333334,1.5,10.833333333333334,3.606666666666667,2.9233333333333333,1,7.46,8.9
K.Barnes,LV,4.4,1.0,3.0,3.44,0.99,1,5.85,8.8
R.Purvis,TB,1.7600000000000002,1.2,5.4,3.7119999999999997,1.4060000000000001,0,6.55,8.8
D.Johnson,PIT,2.15,1.5,7.0,5.07,2.49,1,9.35,8.600000000000001
J.Davis,WAS,4.25,2.5,-3.5,6.265000000000001,-0.795,0,8.84,8.5
M.Hart,IND,2.8333333333333335,2.0,0.3333333333333333,4.37,0.15000000000000002,0,6.66,8.5
T.Fiammetta,CAR,1.3999999999999997,1.6666666666666667,2.3333333333333335,5.546666666666667,1.4333333333333333,0,9.32,8.4
P.Parker,TB,2.0500000000000003,2.25,19.0,8.9175,9.0525,2,19.71,8.2
L.Booker,MIN,2.05,1.5,9.25,4.755,3.7249999999999996,0,9.74,8.2
T.Richardson,NYJ,2.7000000000000006,1.6666666666666667,1.3333333333333333,5.59,0.8666666666666667,0,8.99,8.1
J.Starks,GB,1.6,1.6,-1.2,5.342,-0.5680000000000001,0,7.62,8.0
J.Dray,ARI,1.1,1.2857142857142858,7.142857142857143,4.1014285714285705,2.761428571428571,0,8.09,7.7
N.Byham,SF,1.2833333333333334,1.1666666666666667,0.16666666666666666,3.4416666666666664,0.02,0,5.18,7.7
T.Austin,WAS,3.8500000000000005,2.5,29.5,5.975,9.44,0,15.57,7.7
D.Young,WAS,7.3,1.0,0.0,3.23,0.0,0,4.84,7.3
J.Stevens,TB,1.825,1.25,19.0,3.6925,6.12,0,9.82,7.3
T.Herremans,PHI,7.2,1.0,2.0,4.0,0.66,1,6.46,7.2
M.Vrabel,KC,3.6,1.0,1.5,3.81,0.855,2,6.31,7.2
C.McIntyre,BUF,1.0285714285714287,1.1428571428571428,0.42857142857142855,4.087142857142857,0.25285714285714284,0,6.31,7.2
T.Price,NE,7.1000000000000005,4.0,20.0,13.79,9.01,0,26.99,7.1000000000000005
A.Whitworth,CIN,7.1,1.0,1.0,3.12,0.45,1,5.0,7.1
D.Penn,TB,7.1,1.0,1.0,4.55,0.76,1,7.36,7.1
J.Dugan,MIN,1.75,1.25,2.0,3.555,0.8775,1,5.95,7.0
Q.Johnson,GB,1.75,1.25,1.5,3.8925,0.5525,1,6.23,7.0
N.Miller,LV,2.3333333333333335,1.3333333333333333,19.666666666666668,4.5,8.57,0,12.75,7.0
M.Cox,KC,1.675,1.0,0.25,3.5149999999999997,0.05750000000000002,0,5.31,6.7
K.Ogletree,DAL,3.2,3.0,28.0,8.615,13.110000000000001,1,22.1,6.4
M.Karney,LA,1.28,1.0,0.6,2.9219999999999997,0.354,0,4.63,6.4
L.Blount,TB,1.2799999999999998,1.4,1.8,5.464,0.4800000000000001,0,8.53,6.4
M.Shuler,MIA,3.2,2.5,26.5,5.895,8.295,0,14.65,6.4
A.Dixon,SF,1.2200000000000002,1.0,0.2,3.896,0.27799999999999997,0,6.04,6.1
J.O'Connell,KC,2.0333333333333337,1.3333333333333333,5.666666666666667,4.8533333333333335,2.6333333333333333,0,9.12,6.1
M.Norris,SF,0.8571428571428571,1.2857142857142858,2.0,4.277142857142857,0.7242857142857143,1,6.92,6.0
D.Nance,GB,2.0,1.3333333333333333,-3.6666666666666665,3.706666666666667,-1.0566666666666666,0,4.82,6.0
D.Williams,DET,3.0000000000000004,2.5,16.0,5.585,5.385,2,12.15,6.0
D.Jarrett,CAR,3.0,2.5,39.0,8.66,17.495,0,25.24,6.0
C.Coffman,CIN,6.0,5.0,20.0,11.36,6.67,0,21.71,6.0
L.Vickers,CLE,0.9166666666666666,1.5,2.1666666666666665,6.3116666666666665,1.1283333333333334,0,10.26,5.5
S.Nelson,BUF,2.75,2.0,14.5,4.96,3.72,1,10.04,5.5
Z.Potter,JAX,1.35,1.75,9.5,5.5375,5.0125,0,11.81,5.4
J.McKnight,NYJ,2.5,2.0,3.5,11.165,2.19,0,18.28,5.0
K.Toston,LA,2.45,1.0,-2.0,3.1550000000000002,-0.8049999999999999,0,4.17,4.9
P.Turner,NYJ,2.3,1.0,11.5,3.135,3.36,0,7.05,4.6
L.Ball,DEN,1.15,1.5,4.5,4.97,2.4775,1,9.19,4.6
S.Slaton,HOU,2.05,2.0,-1.5,6.695,-1.04,0,9.31,4.1
R.Maui'a,ARI,0.6666666666666666,1.0,5.0,3.308333333333333,1.5433333333333332,1,6.04,4.0
D.Karim,JAX,2.0,3.5,7.0,10.1,2.77,0,17.09,4.0
M.Clayton,NYG,1.9500000000000002,2.0,22.5,7.345,8.379999999999999,0,16.88,3.9000000000000004
G.Mills,PHI,1.3,1.0,16.0,2.813333333333333,4.426666666666667,1,7.32,3.9000000000000004
Y.Figurs,LV,3.7,2.0,10.0,5.41,4.17,0,11.03,3.7
Q.Cosby,CIN,1.8,1.0,4.0,3.625,1.8849999999999998,0,6.76,3.6
G.Johnson,ATL,0.9,1.25,0.5,3.675,-0.05249999999999999,0,5.48,3.6
D.Rhodes,IND,1.2,1.6666666666666667,9.333333333333334,4.956666666666666,3.276666666666667,1,9.73,3.6
F.Onobun,LA,3.5,4.0,17.0,10.81,8.85,1,22.41,3.5
R.Goodman,LAC,1.75,1.0,23.5,2.39,7.34,0,8.72,3.5
B.Hartsock,NYJ,0.64,1.2,5.8,4.192,2.2640000000000002,0,7.87,3.2
A.Young,MIN,3.1,2.0,-2.0,7.41,-0.74,0,10.6,3.1
K.Hall,GB,1.5499999999999998,1.0,1.0,3.005,0.255,0,4.69,3.1
B.Banks,WAS,0.6,1.0,17.0,2.9979999999999998,4.1259999999999994,0,7.39,3.0
Q.Ganther,SEA,1.45,1.5,2.0,3.705,0.535,0,5.93,2.9
K.Curtis,MIA,1.4500000000000002,2.0,34.0,8.525,14.465,0,22.91,2.9
M.Bennett,LV,2.9,2.0,6.0,5.41,2.5,0,9.86,2.9
J.Conner,NYJ,0.7250000000000001,1.0,4.0,3.3400000000000003,1.25,0,5.89,2.9
H.Baskett,MIN,1.4,2.0,29.5,6.06,14.785,1,19.44,2.8
M.Hedgecock,NYG,1.4000000000000001,1.0,-1.0,2.705,-0.46,0,3.74,2.8
M.Willis,DEN,2.7,2.0,34.0,3.51,7.33,1,10.4,2.7
C.Ivory,NO,2.7,1.0,-5.0,3.12,-1.37,0,3.72,2.7
F.Taylor,NE,1.3,1.5,2.0,4.705,0.865,0,7.66,2.6
B.Bolen,JAX,2.5,3.0,26.0,7.89,7.83,0,17.32,2.5
C.McCoy,CLE,2.3,1.0,6.0,6.25,8.57,0,15.37,2.3
C.Williams,BAL,2.3,1.0,4.0,3.57,2.02,0,6.77,2.3
D.Clark,CHI,2.2,2.0,8.0,7.41,2.99,1,13.21,2.2
K.Lumpkin,TB,2.2,1.0,-4.0,3.7,-2.16,0,4.04,2.2
T.Humphrey,NO,1.1,1.0,8.5,2.4699999999999998,2.96,0,5.78,2.2
C.Peerman,CIN,1.05,1.5,5.0,4.654999999999999,1.7349999999999999,0,8.2,2.1
R.Cartwright,LV,1.0,1.5,10.0,4.175,3.51,0,8.72,2.0
E.Lorig,TB,1.0,1.0,1.5,4.125,0.785,0,6.74,2.0
E.Buckley,PHI,1.0,1.0,3.0,2.94,1.175,0,5.23,2.0
J.Battle,KC,0.95,1.5,2.5,4.725,1.23,0,7.95,1.9
J.Norwood,ATL,1.9,3.0,5.0,6.98,1.32,0,11.39,1.9
S.Wallace,CLE,1.9,1.0,0.0,2.78,0.0,0,4.17,1.9
R.Quinn,DEN,0.95,1.0,1.5,4.85,0.41500000000000004,0,7.57,1.9
P.Hubbard,BUF,1.8,3.0,18.0,11.54,6.36,0,21.76,1.8
S.Chandler,BUF,0.6,1.0,13.666666666666666,4.016666666666667,6.333333333333333,1,10.46,1.8
K.Williams,SF,1.8,1.0,4.0,3.23,1.84,0,6.13,1.8
D.Brees,NO,1.7000000000000002,1.0,-9.0,2.7,-5.45,0,0.24,1.7000000000000002
K.Huggins,TB,1.7000000000000002,2.0,35.0,4.17,8.37,0,12.11,1.7000000000000002
S.Aiken,CLE,1.7000000000000002,1.0,7.0,3.33,3.52,0,7.46,1.7000000000000002
M.Johnson,DAL,0.8,2.5,26.0,9.35,16.384999999999998,1,25.49,1.6
A.Smith,CLE,1.6,1.0,3.0,3.33,0.99,0,5.69,1.6
C.Pressley,CIN,1.6,1.0,4.0,2.27,1.33,0,4.34,1.6
C.Williams,CHI,1.4,1.0,4.0,2.5,1.14,0,4.55,1.4
D.Calhoun,NYG,1.4,2.0,7.0,6.06,2.67,0,10.96,1.4
J.Cumberland,NYJ,1.3,2.0,9.0,13.33,5.2,0,23.64,1.3
L.Hilliard,MIA,0.65,1.0,0.0,2.4850000000000003,0.10500000000000001,0,3.8,1.3
E.Wilford,JAX,0.65,1.0,2.5,2.885,0.72,0,4.83,1.3
G.Banks,LAC,0.6,1.5,10.5,5.779999999999999,4.695,0,11.96,1.2
M.McGlynn,PHI,1.1,1.0,0.0,2.94,0.0,0,4.41,1.1
D.Pitta,BAL,0.3666666666666667,1.6666666666666667,22.0,5.24,7.206666666666667,1,12.9,1.1
M.Gibson,SEA,0.8,1.0,-4.0,2.38,-1.26,0,2.69,0.8
J.Blalock,ATL,0.0,1.0,-3.0,2.33,-0.86,0,2.89,0.0
D.Reed,BAL,0.0,1.0,8.0,5.0,4.06,0,10.34,0.0
A.Edwards,CAR,0.0,2.0,22.0,7.14,8.94,0,16.97,0.0
A.Snyder,SF,0.0,1.0,3.0,3.45,0.83,0,5.76,0.0
B.Clark,DET,0.0,1.0,3.0,3.85,1.47,0,6.8,0.0
D.Johnson,LA,0.0,1.0,4.5,2.46,2.345,0,5.33,0.0
C.Mitchell,CLE,0.0,1.0,12.0,3.03,6.78,0,9.29,0.0
J.Mastrud,MIA,0.0,1.0,1.0,3.45,0.29,0,5.38,0.0
A.Battle,PIT,0.0,1.0,28.5,3.42,6.8,1,9.89,0.0
Z.Strief,NO,0.0,1.0,1.0,2.27,0.4,1,3.68,0.0
D.Coats,CIN,0.0,1.0,6.0,2.4299999999999997,1.2,0,4.48,0.0
D.Thomas,CAR,0.0,1.0,-2.0,3.57,-1.04,0,4.63,0.0
M.Mariani,TEN,0.0,1.0,-2.0,4.29,-1.64,0,5.29,0.0
J.Horne,KC,0.0,1.0,21.0,3.45,12.21,0,13.72,0.0
J.Johnson,TB,0.0,1.0,15.0,3.7,8.11,0,11.23,0.0
A.Smith,ATL,0.0,1.0,0.0,2.5,0.0,0,3.75,0.0
M.Mulligan,NYJ,0.0,1.0,4.0,3.34,1.715,0,6.21,0.0
J.Matthews,JAX,0.0,1.0,21.0,4.76,13.04,0,16.27,0.0
G.Barnidge,CAR,0.0,1.8,20.6,5.884,9.466,3,15.45,0.0
M.Slater,NE,0.0,1.0,51.0,3.7,19.1,0,18.92,0.0
J.Johnson,ARI,0.0,1.0,2.0,2.5,0.47,0,4.08,0.0
D.Dickerson,HOU,0.0,1.0,28.0,1.85,6.78,1,7.52,0.0
S.Logan,DET,0.0,1.0,-1.0,1.89,-0.33,0,2.6,0.0
D.Williams,CLE,0.0,2.0,48.0,6.67,15.79,0,21.06,0.0
