PLAYER,POS,FPTS,C,F,STD,VOR,VALUERANK,AVG,ADPRANK,SLEEPERSCORE,ECR,CI,IJ%,PGM,IPG%,D
Christian McCaffrey,RB,361.4871109999999,388.0,334.82,18.79993087975802,268.13723099999993,1.0,,,,5.8,6,78%,1.90,8.5%,3
Dalvin Cook,RB,312.4666539999999,334.2,290.62,15.398505052903149,219.1167739999999,2.0,2.0,2.0,0.0,4.9,12,95%,3.00,16.2%,2
Derrick Henry,RB,305.21635850000007,309.41,301.1,2.941591842349607,211.86647850000008,3.0,4.0,4.0,1.0,3.5,4,90%,2.10,12.7%,5
Travis Kelce,TE,276.3922850000001,314.0,239.3,26.353657919324498,199.23799900000006,4.0,8.4,7.0,3.0,18.1,8,75%,2.00,7.8%,5
Austin Ekeler,RB,276.220613,293.3,259.24,12.033494766452138,182.87073300000003,5.0,10.4,10.0,5.0,4.7,10,94%,2.90,15.3%,5
Lamar Jackson,QB,372.3237499999999,375.45,369.2,2.202625918648012,163.70120999999986,6.0,44.8,43.0,37.0,66.8,5,8%,0.40,0.5%,5
Darren Waller,TE,235.60645100000002,271.1,200.12,25.26778312584227,158.452165,7.0,22.4,22.0,15.0,44.3,9,51%,1.70,4.1%,5
Calvin Ridley,WR,267.619213,300.7,234.71,23.30748770386098,151.17555299999998,8.0,18.4,19.0,11.0,36.5,3,53%,2.80,4.3%,5
DeAndre Hopkins,WR,264.170826,309.2,218.68,31.774776150237845,147.72716599999995,9.0,17.2,16.0,7.0,37.3,14,59%,2.10,5.1%,5
D'Andre Swift,RB,233.4280875,250.5,216.25,12.105453916720503,140.07820750000002,10.0,36.8,37.0,27.0,16.9,5,85%,2.60,10.6%,4
Chris Carson,RB,229.9275665,240.2,219.69,7.2824733559813115,136.57768650000003,11.0,,,,122.2,2,78%,1.60,8.5%,5
Robert Woods,WR,230.30683099999996,250.7,209.51,14.584749678600554,113.86317099999995,12.0,,,,81.0,8,88%,2.80,11.7%,5
Alvin Kamara,RB,204.3390603333333,311.7566666666667,94.95666666666665,81.69889416803855,110.9891803333333,13.0,3.0,3.0,-10.0,12.4,5,90%,2.30,12.7%,3
Allen Robinson,WR,226.33684800000003,257.6,195.36,21.951820356063777,109.89318800000002,14.0,,,,73.8,9,95%,2.90,16.2%,4
Julio Jones,WR,215.64844800000006,240.0,191.76,17.043606397452862,99.20478800000005,15.0,46.2,45.0,30.0,176.6,32,93%,1.90,14.5%,5
Davante Adams,WR,212.81489666666667,317.78000000000003,107.64666666666665,75.59114022561985,96.37123666666666,16.0,6.6,6.0,-10.0,9.8,10,94%,3.00,15.3%,5
Aaron Jones,RB,186.85746733333335,277.7033333333333,97.57,71.36513890954697,93.50758733333335,17.0,9.4,8.0,-9.0,35.9,9,90%,3.30,12.7%,5
Mike Evans,WR,208.19143599999998,233.8,182.68,18.01384208484975,91.74777599999997,18.0,35.4,35.0,17.0,37.8,10,58%,1.70,5%,5
Chris Godwin,WR,206.468067,231.4,181.22,17.802593720396786,90.02440699999998,19.0,,,,33.3,7,81%,2.80,9.3%,5
Joe Mixon,RB,183.11650500000002,259.41,106.00999999999999,61.888644730798354,89.76662500000002,20.0,20.8,21.0,1.0,8.0,7,91%,2.40,13.2%,3
Ezekiel Elliott,RB,182.63491000000002,267.2166666666667,98.14999999999999,67.02449302732308,89.28503000000002,21.0,5.8,5.0,-16.0,39.7,7,78%,2.30,8.5%,5
Saquon Barkley,RB,180.24677133333333,271.9533333333334,88.68666666666667,71.6594775443644,86.89689133333333,22.0,9.6,9.0,-13.0,30.3,7,86%,2.20,10.9%,1
TJ Hockenson,TE,163.017417,189.9,136.21,18.929019223090005,85.86313099999998,23.0,,,,63.5,5,58%,1.40,5%,5
Jonathan Taylor,RB,178.34927666666667,261.90000000000003,93.43333333333334,68.24069505580238,84.99939666666667,24.0,10.4,11.0,-13.0,1.0,3,60%,1.20,5.2%,5
Tyreek Hill,WR,200.51012866666667,309.77000000000004,90.63666666666666,82.09997716779422,84.06646866666667,25.0,10.6,13.0,-12.0,12.2,7,50%,1.40,4%,5
Stefon Diggs,WR,199.39365800000002,300.27,100.40333333333332,74.82589276333525,82.94999800000001,26.0,14.0,14.0,-12.0,15.4,7,42%,1.60,3.2%,5
Najee Harris,RB,174.26132400000003,254.65666666666667,94.25666666666666,64.8109737830487,80.91144400000003,27.0,15.6,15.0,-12.0,10.1,5,88%,1.90,11.7%,0
Nick Chubb,RB,174.02737333333334,250.28333333333333,99.21666666666665,59.5939985688395,80.67749333333335,28.0,10.4,12.0,-16.0,23.1,3,71%,1.00,7%,4
Brandin Cooks,WR,195.804379,218.2,173.31,15.858232934168889,79.360719,29.0,92.8,90.0,61.0,45.6,5,40%,1.30,3%,5
Ryan Fitzpatrick,QB,283.16198399999996,284.4,281.92,0.866401975842609,74.53944399999992,30.0,,,,280.2,8,38%,1.00,2.8%,5
DJ Chark,WR,190.88576799999996,201.7,179.78,7.732224539560133,74.44210799999995,31.0,,,,148.9,9,93%,3.10,14.5%,4
Odell Beckham,WR,190.861123,213.4,167.71,16.115369507208666,74.41746299999998,32.0,,,,80.7,16,65%,2.30,6%,2
Antonio Gibson,RB,167.01257999999999,246.03,89.69666666666667,63.25954602314745,73.66269999999999,33.0,17.6,17.0,-16.0,25.8,3,47%,0.50,3.7%,5
Kareem Hunt,RB,166.628627,179.8,153.14,9.462970567684925,73.278747,34.0,57.2,57.0,23.0,79.2,6,33%,0.90,2.3%,5
Raheem Mostert,RB,164.240754,167.06,161.4,2.002683567487384,70.89087400000001,35.0,,,,159.4,10,94%,3.60,15.3%,2
Logan Thomas,TE,147.32315250000005,162.4,132.11,10.808053398704304,70.16886650000004,36.0,,,,134.7,4,33%,1.20,2.3%,5
Laviska Shenault,WR,184.52577649999998,192.2,176.81,5.423161241798708,68.08211649999997,37.0,,,,161.8,4,76%,3.70,8.1%,2
Daniel Jones,QB,275.014541,277.4,272.62,1.6935243692722486,66.39200099999996,38.0,,,,194.3,6,79%,2.20,8.8%,4
George Kittle,TE,141.27429666666666,220.78,60.846666666666664,58.08325694450061,64.12001066666664,39.0,26.8,26.0,-13.0,30.6,10,95%,3.00,16.2%,4
Clyde Edwards-Helaire,RB,156.80941333333334,236.66666666666666,77.93333333333332,61.031385578334834,63.45953333333334,40.0,24.2,25.0,-15.0,53.4,6,95%,3.20,16.2%,2
Josh Allen,QB,270.80584533333337,388.3933333333334,153.45999999999998,96.73353814653755,62.18330533333332,41.0,30.0,29.0,-12.0,19.0,6,42%,1.70,3.2%,4
Justin Jefferson,WR,174.2073783333333,263.31666666666666,84.71666666666665,65.78411957624202,57.7637183333333,42.0,23.4,23.0,-19.0,10.6,3,63%,1.90,5.7%,5
Kenyan Drake,RB,151.03824,153.3,148.74,1.6143559280406545,57.68836,43.0,,,,243.6,9,56%,1.00,4.7%,5
Mike Williams,WR,173.923036,182.3,165.37,6.004137080605674,57.47937599999999,44.0,123.0,120.0,76.0,93.7,7,95%,2.60,16.2%,2
Patrick Mahomes,QB,265.746425,385.8966666666667,147.43,97.70387705167782,57.123884999999945,45.0,,,,38.0,5,15%,0.60,1%,5
Robert Tonyan,TE,134.237252,156.2,112.16,15.486076586679271,57.082966,46.0,,,,179.7,3,64%,1.50,5.8%,5
Miles Sanders,RB,150.43135666666663,225.98333333333335,75.58333333333333,58.885053879321255,57.08147666666663,47.0,38.2,38.0,-9.0,65.0,8,95%,3.20,16.2%,5
DK Metcalf,WR,173.28930666666668,261.6333333333334,85.5,67.17172052688178,56.84564666666667,48.0,,,,33.7,2,26%,0.60,1.8%,2
Curtis Samuel,WR,173.03725,191.2,154.6,12.917308134340528,56.59358999999999,49.0,118.2,116.0,67.0,153.2,6,82%,2.60,9.6%,5
Gus Edwards,RB,149.42808399999998,183.1,115.81,23.956547960921746,56.078203999999985,50.0,,,,236.4,4,20%,1.00,1.3%,5
David Montgomery,RB,147.45175333333336,220.95000000000002,75.28333333333333,53.21102517005328,54.10187333333336,51.0,30.2,30.0,-21.0,31.6,4,67%,0.90,6.3%,5
AJ Brown,WR,170.18913333333336,250.61666666666667,90.61666666666667,59.064114531244776,53.74547333333335,52.0,,,,21.4,5,41%,1.20,3.1%,5
Mark Andrews,TE,130.72412133333333,191.0233333333333,70.22333333333333,44.05741639296953,53.569835333333316,53.0,50.6,49.0,-4.0,22.4,4,41%,0.60,3.1%,5
Michael Thomas,WR,167.4091135,183.7,151.29,11.56215007845071,50.96545349999998,54.0,,,,88.7,5,88%,2.50,11.7%,5
Chase Edmonds,RB,144.2966,204.53333333333333,82.8,47.52157595586334,50.94672000000001,55.0,62.0,62.0,7.0,81.5,9,95%,3.00,16.2%,5
Leonard Fournette,RB,143.51841250000004,144.3,142.75,0.5494458957383833,50.16853250000004,56.0,86.4,82.0,26.0,44.2,11,93%,2.80,14.5%,5
Josh Jacobs,RB,142.6323933333333,211.6,74.73333333333333,53.37466238669972,49.28251333333331,57.0,36.4,36.0,-21.0,46.3,7,73%,1.80,7.4%,4
Trey Sermon,RB,142.05318399999996,143.02,141.1,0.6766805613759033,48.70330399999996,58.0,87.2,83.0,25.0,159.3,6,93%,3.00,14.5%,0
Cole Beasley,WR,163.70266999999998,172.6,154.8,6.334023829375758,47.259009999999975,59.0,143.8,142.0,83.0,128.1,5,35%,0.70,2.5%,5
Will Fuller,WR,162.43348400000002,181.4,143.52,13.355024179002596,45.98982400000001,60.0,,,,146.3,15,95%,2.60,16.2%,2
Myles Gaskin,RB,139.1536416666667,208.12333333333336,68.32333333333334,55.31853878289747,45.80376166666669,61.0,49.8,48.0,-13.0,125.3,4,93%,2.60,14.5%,2
Darrell Henderson,RB,138.4471333333333,210.66666666666666,66.86666666666666,56.07314633389339,45.09725333333331,62.0,,,,110.9,8,91%,2.50,13.2%,5
Keenan Allen,WR,161.50295,247.71333333333334,73.91333333333334,63.9691570038401,45.05928999999999,63.0,27.4,27.0,-36.0,26.6,12,72%,2.30,7.2%,3
Corey Davis,WR,161.2115915,181.0,141.71,14.029978594232697,44.76793149999999,64.0,,,,145.3,11,95%,2.20,16.2%,5
DeVante Parker,WR,161.0605065,188.4,133.23,19.30202676251792,44.616846499999994,65.0,134.2,134.0,69.0,99.3,17,90%,2.90,12.7%,3
Kyler Murray,QB,253.17961999999997,370.74666666666667,133.74666666666664,93.77084846628354,44.55707999999993,66.0,40.2,40.0,-26.0,56.3,4,22%,0.70,1.5%,5
Amari Cooper,WR,160.62676166666665,237.54333333333332,83.07666666666667,58.13639470833392,44.183101666666644,67.0,41.2,41.0,-26.0,55.4,13,65%,1.70,6%,5
Mike Davis,RB,136.89631333333332,206.35,67.81666666666666,54.867682588991,43.546433333333326,68.0,56.8,56.0,-12.0,176.4,4,73%,1.30,7.4%,5
Terry McLaurin,WR,157.7829603333333,237.99,76.85666666666667,62.09128931391426,41.3393003333333,69.0,29.6,28.0,-41.0,57.8,6,89%,2.60,12.2%,5
Dak Prescott,QB,248.72788266666666,355.0933333333333,141.69333333333336,85.54715277094076,40.105342666666616,70.0,56.0,55.0,-15.0,79.1,6,8%,0.50,0.5%,3
Jared Goff,QB,248.57321099999993,260.7,236.49,8.580018193423536,39.950670999999886,71.0,238.0,251.0,180.0,215.4,4,5%,0.30,0.3%,5
David Johnson,RB,132.453376,134.19,130.7,1.231649827517549,39.10349599999999,72.0,129.8,131.0,59.0,166.6,6,49%,1.20,3.9%,4
CeeDee Lamb,WR,154.78304566666665,235.99666666666667,74.86333333333333,60.019451479726534,38.339385666666644,73.0,32.8,33.0,-40.0,23.3,4,40%,1.00,3%,5
James Conner,RB,131.675429,148.5,115.24,11.83844731102686,38.32554900000001,74.0,100.8,97.0,23.0,61.5,10,74%,2.40,7.6%,5
Cooper Kupp,WR,153.54268666666667,229.1,77.96666666666667,55.62013429868759,37.09902666666666,75.0,46.0,44.0,-31.0,5.4,5,90%,2.80,12.7%,5
Tee Higgins,WR,153.46865,217.08333333333334,89.88333333333333,46.4382388340776,37.02498999999999,76.0,64.8,64.0,-12.0,35.8,6,91%,3.30,13.2%,5
James Robinson,RB,129.87660666666667,206.88333333333333,52.61666666666667,55.25015807847431,36.526726666666676,77.0,,,,86.4,3,66%,1.80,6.1%,5
Tyler Lockett,WR,152.119935,233.23000000000002,70.23,61.24939999498588,35.67627499999999,78.0,49.2,47.0,-31.0,45.3,5,70%,2.00,6.8%,5
Russell Wilson,QB,242.16730166666667,355.9066666666667,130.96666666666667,91.66636649750915,33.54476166666663,79.0,55.6,54.0,-25.0,100.4,3,5%,0.20,0.3%,5
DJ Moore,WR,149.43648,224.1,73.43333333333334,56.75665721000528,32.99281999999998,80.0,53.4,52.0,-28.0,44.3,4,24%,0.50,1.6%,5
JD McKissic,RB,124.648379,144.0,105.02,13.746317725207687,31.298499000000007,81.0,,,,122.5,2,7%,0.40,0.4%,5
James White,RB,123.21899999999998,139.5,107.1,11.45713432757075,29.86911999999998,82.0,,,,145.4,4,53%,1.30,4.3%,5
Diontae Johnson,WR,146.10938199999998,219.58,70.58,55.01587939148183,29.665721999999974,83.0,51.8,51.0,-32.0,28.6,6,88%,3.00,11.7%,5
Adam Thielen,WR,145.099072,222.89333333333335,68.76,57.85043049205938,28.655412,84.0,50.6,50.0,-34.0,68.0,7,68%,1.10,6.5%,5
Blake Jarwin,TE,105.09533,115.1,95.21,6.989601837093442,27.94104399999999,85.0,219.0,227.0,142.0,238.2,3,66%,1.80,6.1%,2
Kyle Pitts,TE,105.08779399999999,154.99666666666667,53.929999999999986,37.21275471427337,27.933507999999975,86.0,47.0,46.0,-40.0,44.7,4,77%,2.30,8.3%,0
Justin Herbert,QB,232.79305033333335,339.6566666666667,123.72333333333331,86.96021071525197,24.17051033333331,87.0,62.2,63.0,-24.0,55.3,3,16%,0.90,1%,2
Ja'Marr Chase,WR,140.48450933333334,205.95333333333335,74.48666666666666,49.994325340952685,24.040849333333327,88.0,74.4,73.0,-15.0,12.9,1,24%,0.50,1.6%,5
Sterling Shepard,WR,140.0767455,167.6,112.57,19.28995606399169,23.63308549999998,89.0,,,,123.9,14,76%,1.80,8.1%,3
Justin Fields,QB,231.82915899999998,234.4,229.29,1.8058655411516709,23.206618999999932,90.0,140.8,139.0,49.0,113.3,6,13%,3.70,0.8%,5
Damien Harris,RB,116.06721733333333,163.50666666666666,69.30666666666666,36.472013462243886,22.717337333333333,91.0,72.0,71.0,-20.0,71.9,8,89%,2.60,12.2%,1
Aaron Rodgers,QB,230.8634813333333,337.16,126.22666666666667,83.8735974868286,22.240941333333268,92.0,54.4,53.0,-39.0,73.7,10,17%,0.60,1.1%,5
Tyler Higbee,TE,98.91234266666666,147.08666666666667,49.62,36.951100464333216,21.758056666666647,93.0,,,,136.6,,,,,
Elijah Moore,WR,138.20019049999996,143.7,132.73,3.8865887550922786,21.756530499999954,94.0,145.6,144.0,50.0,51.7,2,24%,1.00,1.6%,5
Javonte Williams,RB,114.72570333333334,172.24666666666667,57.333333333333336,43.30360682900303,21.375823333333344,95.0,60.6,60.0,-35.0,22.3,1,53%,1.20,4.3%,5
Adam Trautman,TE,97.70968000000002,99.9,95.5,1.5608851007040865,20.555394000000007,96.0,207.5,210.0,114.0,202.2,2,22%,0.80,1.5%,5
Noah Fant,TE,97.19246233333332,150.49666666666667,43.09666666666667,39.0052777352875,20.03817633333331,97.0,84.2,81.0,-16.0,114.7,6,76%,1.90,8.1%,5
Deebo Samuel,WR,135.59323966666668,198.97,73.70333333333333,45.5688877182558,19.149579666666668,98.0,88.0,84.0,-14.0,21.4,12,90%,2.70,12.7%,1
Brandon Aiyuk,WR,132.96557400000003,200.94000000000003,64.87333333333333,49.937268649748866,16.521914000000024,99.0,60.8,61.0,-38.0,82.8,4,76%,2.10,8.1%,5
Nelson Agholor,WR,132.184484,156.7,108.14,17.103289570540046,15.74082399999999,100.0,176.2,170.0,70.0,199.6,6,71%,2.10,7%,5
Gabriel Davis,WR,131.51516,134.6,128.45,2.166489193234069,15.0715,101.0,204.6,203.0,102.0,119.2,2,11%,0.70,0.7%,5
Robby Anderson,WR,131.14730166666666,197.21666666666667,64.61666666666666,49.37963548616752,14.703641666666655,102.0,77.4,76.0,-26.0,159.6,4,59%,1.60,5.1%,5
Chase Claypool,WR,131.061464,198.09666666666666,64.89666666666666,51.14083035767272,14.617803999999992,103.0,69.2,68.0,-35.0,81.9,3,24%,1.10,1.6%,5
Tyler Boyd,WR,130.12840333333335,193.41666666666666,67.81666666666666,46.96068637790539,13.684743333333344,104.0,91.2,87.0,-17.0,139.4,3,68%,1.60,6.5%,5
Jameis Winston,QB,222.26949800000006,270.8,172.58,34.75589193457702,13.646958000000012,105.0,,,,169.1,7,19%,0.70,1.2%,5
Mike Gesicki,TE,90.17124666666666,141.79999999999998,39.26666666666667,36.67783528571202,13.016960666666648,106.0,109.8,107.0,1.0,98.7,2,33%,0.70,2.3%,5
Kenny Golladay,WR,129.268908,198.21,59.276666666666664,51.92898920571761,12.825248000000002,107.0,74.8,74.0,-33.0,152.8,10,95%,3.10,16.2%,3
Dallas Goedert,TE,89.22403,139.0,39.6,35.90819457392839,12.069743999999986,108.0,99.2,96.0,-12.0,72.3,6,50%,0.90,4%,5
Trey Lance,QB,220.31872800000002,224.4,216.16,2.9188437680040393,11.696187999999978,109.0,149.0,147.0,38.0,101.3,3,5%,0.30,0.3%,5
Courtland Sutton,WR,127.71018900000001,192.37,59.97,49.501619297698525,11.266529000000006,110.0,79.6,78.0,-32.0,91.6,5,33%,0.90,2.3%,1
Joe Burrow,QB,218.92974600000005,306.91333333333336,132.98,72.296520071454,10.307206000000008,111.0,111.2,110.0,-1.0,70.7,8,76%,1.70,8.1%,0
Parris Campbell,WR,126.10601999999997,126.8,125.4,0.4940463132136471,9.662359999999964,112.0,223.6,231.0,119.0,212.3,9,39%,2.30,2.9%,0
Jalen Hurts,QB,216.1270713333334,315.9266666666667,114.79333333333334,79.56092513590254,7.504531333333347,113.0,97.0,95.0,-18.0,97.1,2,8%,0.40,0.5%,5
Jamison Crowder,WR,123.60320300000001,150.9,96.01,19.522075107958965,7.159542999999999,114.0,228.2,237.0,123.0,212.1,13,88%,2.80,11.7%,5
Jerry Jeudy,WR,123.09675333333334,187.36,58.693333333333335,47.86149309071427,6.653093333333331,115.0,72.4,72.0,-43.0,64.9,5,90%,3.00,12.7%,5
Jarvis Landry,WR,122.53102733333334,187.39333333333335,58.26,47.09322834513269,6.087367333333333,116.0,103.4,99.0,-17.0,111.2,8,62%,1.60,5.5%,5
Michael Gallup,WR,122.44448,186.29999999999998,58.9,48.07747353521814,6.00081999999999,117.0,,,,101.3,5,89%,2.30,12.2%,5
Ronald Jones,RB,98.15907866666667,138.80666666666664,56.13999999999999,32.92826516960822,4.809198666666674,118.0,,,,129.7,7,81%,3.00,9.3%,4
Austin Hooper,TE,81.64426600000002,124.19666666666667,37.99666666666666,32.090397130313676,4.489980000000003,119.0,174.2,167.0,48.0,190.9,4,29%,0.60,2%,5
Evan Engram,TE,81.25899366666667,121.53666666666668,41.336666666666666,29.099384186182892,4.1047076666666555,120.0,159.8,156.0,36.0,145.7,9,93%,2.40,14.5%,4
Zack Moss,RB,97.43482666666667,144.41333333333333,49.73333333333333,38.33970423315119,4.084946666666667,121.0,106.6,104.0,-17.0,159.8,6,90%,2.50,12.7%,1
Jared Cook,TE,81.142384,125.82,35.95333333333333,31.81064429102116,3.9880979999999937,122.0,165.4,161.0,39.0,206.0,9,64%,1.70,5.8%,5
Ryan Tannehill,QB,210.998583,310.37666666666667,109.17666666666666,80.46974293959396,2.376042999999953,123.0,93.4,92.0,-31.0,122.7,4,12%,0.20,0.7%,5
Michael Carter,RB,95.40327333333333,138.54666666666665,52.333333333333336,33.208308974792565,2.0533933333333323,124.0,93.4,91.0,-33.0,61.1,3,31%,0.60,2.2%,5
Rob Gronkowski,TE,78.71956666666668,121.05333333333334,36.72,31.30673531308133,1.5652806666666663,125.0,125.6,125.0,0.0,100.8,21,95%,3.90,16.2%,3
Marvin Jones,WR,117.99874533333332,180.71333333333334,55.580000000000005,44.65017379465032,1.5550853333333094,126.0,,,,189.6,9,90%,2.90,12.7%,3
Melvin Gordon,RB,94.874925,150.77,40.63666666666666,40.49452570304256,1.5250450000000058,127.0,,,,95.4,12,93%,3.50,14.5%,5
Rondale Moore,WR,117.48817099999998,136.6,98.54,13.48959251663144,1.0445109999999715,128.0,177.0,173.0,45.0,111.1,4,82%,3.30,9.6%,0
Giovani Bernard,RB,93.98047499999997,103.1,84.85,6.427781355131412,0.6305949999999712,129.0,174.4,169.0,40.0,305.8,13,28%,0.40,1.9%,5
Devin Singletary,RB,93.46535733333334,130.11333333333334,55.78,30.11381142726303,0.1154773333333452,130.0,112.4,112.0,-18.0,92.0,1,90%,3.20,12.7%,5
Tarik Cohen,RB,93.40616599999998,103.48,83.1,7.197271660875671,0.05628599999998585,131.0,206.5,204.0,73.0,280.4,1,11%,0.40,0.7%,5
Jamaal Williams,RB,93.34988,136.36,49.95999999999999,35.049700647874296,0.0,133.5,116.4,113.0,-20.5,144.0,9,83%,2.10,9.9%,5
Jonnu Smith,TE,77.15428600000001,122.90666666666668,31.24,32.85018028286711,0.0,133.5,123.0,121.0,-12.5,167.6,8,92%,3.10,13.8%,5
Tyrod Taylor,QB,208.62254000000004,214.4,202.7,4.142552829886427,0.0,133.5,289.5,348.0,214.5,,11,55%,2.00,4.6%,5
Randall Cobb,WR,116.44366000000001,139.7,92.85,16.62924498599981,0.0,133.5,199.6,199.0,65.5,281.6,16,95%,2.40,16.2%,4
DeVonta Smith,WR,116.03813066666666,170.54,61.20666666666667,40.5953466555936,-0.40552933333334806,136.0,77.0,75.0,-61.0,62.3,5,92%,4.30,13.8%,0
Marquise Brown,WR,115.04586333333333,176.42999999999998,52.696666666666665,44.550952220715025,-1.3977966666666788,137.0,123.2,122.0,-15.0,73.7,8,93%,3.00,14.5%,5
Cole Kmet,TE,74.918138,109.90333333333335,39.57,27.03835581789652,-2.2361480000000142,138.0,187.4,184.0,46.0,127.5,2,52%,1.60,4.2%,4
Sammy Watkins,WR,114.17777300000002,119.02,109.4,3.403411037543214,-2.265886999999992,139.0,236.0,249.0,110.0,288.0,21,95%,2.60,16.2%,3
Anthony Firkser,TE,74.56482,117.40666666666665,31.139999999999997,30.689380987110905,-2.589466000000016,140.0,215.4,222.0,82.0,254.4,1,13%,0.50,0.8%,5
Michael Pittman,WR,111.06798333333333,164.45666666666668,57.38999999999999,39.09226190607363,-5.375676666666678,141.0,,,,51.0,6,93%,2.80,14.5%,4
Hunter Henry,TE,71.12411000000002,111.93333333333334,30.733333333333334,29.714787413697465,-6.030175999999997,142.0,153.2,150.0,8.0,132.8,7,54%,1.40,4.5%,2
Will Dissly,TE,71.02891,71.45,70.6,0.3001340732072948,-6.125376000000017,143.0,421.0,457.0,314.0,,,,,,
Dan Arnold,TE,70.6245195,79.9,61.31,6.548164818987054,-6.529766500000008,144.0,270.5,310.0,166.0,227.8,,,,,
Donald Parham,TE,70.56961999999999,76.8,64.4,4.373861572523754,-6.584666000000027,145.0,,,,294.2,,,,,
Jaylen Waddle,WR,109.52158999999999,155.15,64.28333333333332,34.9540974268748,-6.922070000000019,146.0,107.4,105.0,-41.0,25.3,2,47%,1.60,3.7%,0
Zach Ertz,TE,69.57384100000002,103.93666666666667,35.87,24.63133545107503,-7.580444999999997,147.0,165.2,160.0,13.0,126.5,10,88%,4.40,11.7%,5
Terrace Marshall,WR,107.392334,124.1,90.51,11.927677987875256,-9.051326000000003,148.0,,,,153.6,,,,,
Matthew Stafford,QB,199.46174233333335,295.75333333333333,103.33333333333333,77.86538006982768,-9.160797666666696,149.0,88.2,85.0,-64.0,87.5,16,14%,1.00,0.9%,5
Darnell Mooney,WR,105.14745333333332,158.75,52.01666666666667,39.26125157855374,-11.296206666666691,150.0,128.6,129.0,-21.0,75.8,3,66%,1.70,6.1%,5
Dawson Knox,TE,65.72707666666666,97.83999999999999,33.173333333333325,23.889166968144785,-11.427209333333352,151.0,274.0,323.0,172.0,92.8,3,31%,0.60,2.2%,5
Breshad Perriman,WR,104.496545,122.9,85.8,13.25822355419364,-11.94711500000001,152.0,257.0,286.0,134.0,,12,89%,3.20,12.2%,2
Latavius Murray,RB,80.74095999999999,123.76666666666665,37.96666666666666,32.1462260278552,-12.608920000000012,153.0,194.2,192.0,39.0,266.2,9,28%,0.30,1.9%,3
Kirk Cousins,QB,195.83382333333333,285.8966666666667,103.43,71.5432865099624,-12.788716666666716,154.0,157.8,153.0,-1.0,113.8,1,5%,0.20,0.3%,5
Mecole Hardman,WR,103.45636,154.6966666666667,53.23,38.41527096387813,-12.987300000000005,155.0,132.8,133.0,-22.0,191.6,1,48%,1.70,3.8%,5
Darius Slayton,WR,103.44854000000001,126.4,80.22,16.306902800605638,-12.99512,156.0,286.5,345.0,189.0,223.6,5,79%,2.90,8.8%,5
Nyheim Hines,RB,80.047216,124.42,35.62,32.605477300744184,-13.302663999999993,157.0,124.0,124.0,-33.0,140.7,3,43%,1.20,3.3%,5
Jordan Akins,TE,63.509280333333336,100.59666666666668,27.063333333333333,27.059293129694773,-13.645005666666677,158.0,186.0,180.0,22.0,,3,83%,2.50,9.9%,5
Tony Pollard,RB,79.01928399999998,119.73,38.33,30.26827550831636,-14.330596000000014,159.0,132.6,132.0,-27.0,83.6,1,49%,1.00,3.9%,5
Jakobi Meyers,WR,101.71859066666667,156.45333333333335,48.18666666666667,39.002575651649835,-14.725069333333337,160.0,145.0,143.0,-17.0,112.5,1,19%,0.60,1.2%,5
Trevor Lawrence,QB,193.66438266666665,288.02000000000004,102.55333333333333,75.18815440799915,-14.95815733333339,161.0,128.0,128.0,-33.0,142.4,4,10%,0.50,0.6%,5
Baker Mayfield,QB,193.50449,284.93333333333334,101.39999999999998,73.47570751658075,-15.11805000000004,162.0,,,,183.1,8,6%,0.20,0.4%,5
Darrynton Evans,RB,77.780875,81.0,74.5,2.2939791813299006,-15.569005000000004,163.0,,,,231.8,5,33%,1.70,2.3%,1
TY Hilton,WR,100.309097,144.89000000000001,56.69,35.348409533309855,-16.134563000000014,164.0,,,,278.0,17,90%,3.10,12.7%,5
Russell Gage,WR,100.10211866666667,156.99333333333334,43.52666666666667,40.60064396260136,-16.34154133333334,165.0,148.8,146.0,-19.0,132.0,7,62%,1.30,5.5%,5
Hayden Hurst,TE,60.71899499999999,93.62333333333333,28.156666666666663,22.82137099387272,-16.43529100000002,166.0,246.7,266.0,100.0,270.0,1,20%,0.50,1.3%,5
Matt Ryan,QB,192.07901,283.28000000000003,101.27999999999999,72.01585333869133,-16.543530000000032,167.0,141.8,140.0,-27.0,159.2,3,5%,0.20,0.3%,5
AJ Dillon,RB,75.96663866666665,109.72666666666667,41.92666666666666,27.369008979242974,-17.383241333333345,168.0,105.8,101.0,-67.0,55.0,5,59%,1.90,5.1%,5
Qadree Ollison,RB,74.82842,81.8,67.94,4.942037559913927,-18.521460000000005,169.0,273.0,320.0,151.0,,,,,,
Phillip Lindsay,RB,74.80088899999998,111.35666666666667,37.95666666666666,29.28981812692882,-18.548991000000015,170.0,146.2,145.0,-25.0,202.1,6,94%,3.00,15.3%,5
Maxx Williams,TE,58.54727,60.5,56.6,1.3766475754890932,-18.607016000000016,171.0,,,,,12,34%,0.50,2.4%,2
Malcolm Brown,RB,74.00589699999999,90.4,57.93,11.421226843487133,-19.34398300000001,172.0,218.3,225.0,53.0,236.2,5,66%,1.60,6.1%,5
Tua Tagovailoa,QB,188.875089,281.07,96.00333333333333,71.85940912098098,-19.74745100000004,173.0,158.6,154.0,-19.0,134.6,8,85%,2.40,10.6%,2
Derek Carr,QB,188.5446566666667,280.3533333333333,96.42,72.60306558743393,-20.077883333333347,174.0,186.4,182.0,8.0,141.2,9,22%,0.60,1.5%,5
Amon-Ra St Brown,WR,95.92380499999999,124.7,67.09,20.39261769371394,-20.51985500000002,175.0,,,,68.6,3,69%,3.40,6.7%,0
Tevin Coleman,RB,72.48874933333335,106.72666666666667,38.72666666666667,26.81923273805675,-20.861130666666654,176.0,167.8,163.0,-13.0,313.8,11,95%,3.30,16.2%,4
Salvon Ahmed,RB,72.104794,84.28,60.0,8.54203725685881,-21.245086,177.0,250.3,276.0,99.0,208.4,,,,,
OJ Howard,TE,55.59032899999999,83.81,27.01,22.636414509408482,-21.563957000000023,178.0,,,,242.3,6,86%,2.70,10.9%,1
Anthony Miller,WR,93.62123800000002,114.4,72.52,14.834046014063599,-22.82242199999999,179.0,279.5,335.0,156.0,,5,36%,0.80,2.6%,3
Sony Michel,RB,70.492829,107.04333333333334,33.71,26.265964877978565,-22.857051,180.0,117.8,114.0,-66.0,109.3,10,69%,1.80,6.7%,2
Dalton Schultz,TE,54.147664,71.81333333333333,36.61333333333334,13.256859400861693,-23.006622000000014,181.0,269.0,306.0,125.0,116.2,2,16%,2.20,1%,5
Bryan Edwards,WR,92.02629449999998,119.6,64.27,19.387009645939976,-24.41736550000003,182.0,207.4,209.0,27.0,226.2,4,54%,1.40,4.5%,2
Marquez Valdes-Scantling,WR,91.50559349999999,97.8,85.29,4.429407089584081,-24.93806650000002,183.0,230.0,240.0,57.0,195.4,7,18%,1.00,1.2%,5
Rashaad Penny,RB,68.05180199999998,93.54,42.43333333333333,19.958784338773867,-25.298078000000018,184.0,190.6,187.0,3.0,92.9,7,65%,1.90,6%,2
Alexander Mattison,RB,67.60662200000002,94.46,40.660000000000004,21.011433674766604,-25.743257999999983,185.0,154.2,151.0,-34.0,105.0,3,50%,3.90,4%,5
Jack Doyle,TE,49.74951166666667,78.61666666666667,20.150000000000002,21.074538368751405,-27.404774333333343,186.0,344.5,394.0,208.0,287.6,12,39%,0.80,2.9%,5
Emmanuel Sanders,WR,87.95598000000001,140.1,36.96666666666667,36.910538651893624,-28.487679999999997,187.0,195.4,194.0,7.0,192.7,22,95%,3.40,16.2%,5
KJ Hamler,WR,87.93463600000001,93.9,81.98,4.216459655623898,-28.509023999999997,188.0,,,,262.3,6,90%,3.80,12.7%,2
Teddy Bridgewater,QB,180.10737200000003,248.0,111.23,48.45926124497376,-28.515168000000017,189.0,248.8,270.0,81.0,265.9,9,11%,0.30,0.7%,3
CJ Uzomah,TE,48.481972999999996,73.46333333333332,22.796666666666667,18.149121926281964,-28.672313000000017,190.0,,,,273.3,6,25%,0.30,1.7%,3
Jalen Reagor,WR,87.62368400000001,134.67333333333332,40.74,35.21154901930977,-28.819975999999997,191.0,187.4,183.0,-8.0,212.7,4,74%,1.20,7.6%,2
Van Jefferson,WR,87.54519199999999,99.9,75.22,8.788285671456979,-28.898468000000022,192.0,294.0,355.0,163.0,124.5,2,10%,0.40,0.6%,5
Tyler Conklin,TE,48.0922,72.18666666666667,24.453333333333333,17.207965605497936,-29.062086000000015,193.0,339.5,391.0,198.0,292.5,3,36%,0.70,2.6%,5
Christian Kirk,WR,86.68721333333333,127.25333333333333,46.053333333333335,31.00598823745432,-29.756446666666676,194.0,209.3,213.0,19.0,116.7,3,77%,1.50,8.3%,5
Justin Jackson,RB,63.29071200000001,82.24,43.70666666666667,13.60182882310522,-30.059167999999985,195.0,235.0,246.0,51.0,185.0,,,,,
Zach Wilson,QB,178.26260333333332,260.1933333333333,95.32666666666667,63.03707218490463,-30.359936666666727,196.0,192.4,190.0,-6.0,160.8,3,30%,1.20,2.1%,0
Jimmy Graham,TE,46.266955,65.85000000000001,26.849999999999998,14.686888464817011,-30.88733100000001,197.0,260.3,292.0,95.0,298.8,7,26%,0.50,1.8%,5
James O'Shaughnessy,TE,46.218235,67.10000000000001,25.2,15.361108187066943,-30.936051000000013,198.0,392.0,430.0,232.0,,,,,,
Sam Darnold,QB,177.4209746666667,264.4266666666667,93.15999999999998,69.95615823313136,-31.20156533333335,199.0,212.0,219.0,20.0,316.4,6,50%,1.60,4%,4
Marlon Mack,RB,61.27891499999999,67.8,54.75,4.631369618997709,-32.07096500000001,200.0,223.5,230.0,30.0,213.2,7,84%,2.90,10.2%,2
Mo Alie-Cox,TE,44.994397,68.07,22.47,16.770140738121157,-32.159889000000014,201.0,291.0,351.0,150.0,320.0,3,83%,2.30,9.9%,5
AJ Green,WR,83.13153333333332,126.18,40.11333333333333,32.77687985496281,-33.312126666666686,202.0,,,,209.6,14,67%,3.20,6.3%,3
Chris Herndon,TE,43.034903,67.52333333333333,18.05666666666667,18.1129383004259,-34.11938300000001,203.0,,,,289.6,3,94%,2.40,15.3%,3
Rashod Bateman,WR,82.21720999999998,120.06666666666666,45.099999999999994,28.776796019522973,-34.22645000000003,204.0,214.3,221.0,17.0,92.1,2,8%,0.30,0.5%,5
Zach Pascal,WR,79.746453,101.2,58.37,15.127492336927196,-36.697207000000006,205.0,341.0,392.0,187.0,,,,,,
Darrel Williams,RB,56.228745999999994,79.54,32.67333333333333,18.26861446381427,-37.121134000000005,206.0,213.2,220.0,14.0,119.9,6,44%,1.20,3.4%,5
Pat Freiermuth,TE,39.974151000000006,53.2,26.94,9.282888735689932,-37.18013500000001,207.0,210.4,214.0,7.0,96.2,2,15%,0.50,1%,5
Jacob Hollister,TE,39.186258333333335,60.40333333333333,18.203333333333333,15.331024733850327,-37.96802766666668,208.0,453.0,488.0,280.0,,,,,,
James Washington,WR,77.22805,88.3,66.0,7.966992952017718,-39.21561000000001,209.0,366.0,409.0,200.0,309.0,4,31%,0.80,2.2%,5
DeSean Jackson,WR,75.96157666666667,112.75,38.416666666666664,27.455996040790435,-40.482083333333335,210.0,280.3,337.0,127.0,299.0,25,95%,5.40,16.2%,3
Damien Williams,RB,52.04187433333334,84.33666666666667,19.669999999999998,22.93894852833851,-41.30800566666666,211.0,211.5,218.0,7.0,206.3,6,92%,3.40,13.8%,5
Tyler Kroft,TE,35.40065333333333,52.553333333333335,17.953333333333333,12.554089464563596,-41.75363266666668,212.0,265.0,298.0,86.0,,,,,,
Harrison Bryant,TE,35.37180966666667,50.39666666666667,20.396666666666665,11.575730220383791,-41.78247633333334,213.0,451.0,486.0,273.0,294.0,1,27%,0.70,1.8%,5
Drew Sample,TE,34.949545,53.67666666666667,16.276666666666667,13.572693758862458,-42.20474100000001,214.0,447.0,482.0,268.0,,,,,,
Carson Wentz,QB,166.17163333333335,246.56000000000003,85.29333333333334,59.514727051069755,-42.4509066666667,215.0,231.8,242.0,27.0,172.2,8,87%,2.50,11.3%,4
Allen Lazard,WR,73.73340666666667,105.75666666666666,42.02333333333333,24.897163303324337,-42.71025333333334,216.0,227.8,235.0,19.0,219.6,2,5%,0.20,0.3%,5
Rhamondre Stevenson,RB,50.564144000000006,70.4,30.76,14.03725330779722,-42.78573599999999,217.0,169.0,165.0,-52.0,139.8,2,7%,0.40,0.4%,5
Albert Okwuegbunam,TE,34.08601833333333,55.79,12.323333333333332,15.40198922544666,-43.068267666666685,218.0,402.0,439.0,221.0,219.3,6,38%,0.70,2.8%,0
Carlos Hyde,RB,49.157444000000005,80.3,17.84,22.01642261692085,-44.192435999999994,219.0,,,,206.6,11,90%,3.10,12.7%,4
Kyle Rudolph,TE,32.905264,52.526666666666664,13.193333333333333,14.357603883241861,-44.24902200000001,220.0,432.0,468.0,248.0,283.4,12,16%,0.40,1%,5
Cordarrelle Patterson,RB,47.96393833333334,69.11333333333333,26.2,16.080387964417937,-45.38594166666666,221.0,248.3,269.0,48.0,92.4,10,74%,1.60,7.6%,5
Cordarrelle Patterson,RB,47.822393666666656,69.11333333333333,26.2,16.221314590594268,-45.52748633333334,223.0,248.3,269.0,46.0,92.4,10,74%,1.60,7.6%,5
Cordarrelle Patterson,WR,47.96393833333334,69.11333333333333,26.2,16.080387964417937,-68.47972166666668,319.0,,,,92.4,10,74%,1.60,7.6%,5
Cordarrelle Patterson,WR,47.822393666666656,69.11333333333333,26.2,16.221314590594268,-68.62126633333335,321.0,,,,92.4,10,74%,1.60,7.6%,5
Quintez Cephus,WR,70.93701899999999,91.1,50.11,14.465137532828333,-45.506641000000016,222.0,,,,245.6,,,,,
Cameron Brate,TE,31.248962666666664,45.79,16.856666666666666,10.31864374095881,-45.90532333333335,224.0,,,,319.8,2,24%,0.90,1.6%,5
Stephen Carlson,TE,31.134977000000003,59.8,2.06,20.29644343473681,-46.01930900000001,225.0,,,,,,,,,
David Njoku,TE,31.10407,51.31333333333333,10.58,14.303267574135717,-46.05021600000001,226.0,324.0,383.0,157.0,276.0,3,41%,1.00,3.1%,3
Geoff Swaim,TE,30.778296666666666,47.06666666666666,14.6,11.62345656032519,-46.37598933333335,227.0,,,,,,,,,
Nico Collins,WR,69.56256333333333,99.09999999999998,40.23333333333333,23.352382784594184,-46.88109666666668,228.0,241.0,256.0,28.0,212.9,3,5%,0.30,0.3%,5
Marquez Callaway,WR,69.02450166666667,116.16333333333334,21.563333333333333,34.55469188522414,-47.41915833333334,229.0,123.0,119.0,-110.0,216.3,4,93%,2.70,14.5%,2
Foster Moreau,TE,29.347963333333336,40.403333333333336,18.80333333333333,8.043019827899775,-47.806322666666674,230.0,389.0,428.0,198.0,336.8,1,40%,0.80,3%,5
Devontae Booker,RB,44.282803333333334,62.89666666666667,25.83,14.553319567759178,-49.067076666666665,231.0,200.0,201.0,-30.0,243.4,3,21%,0.60,1.4%,5
Hunter Renfrow,WR,67.11793333333334,101.41666666666667,33.016666666666666,24.297715994764243,-49.32572666666667,232.0,260.8,293.0,61.0,48.4,3,62%,1.50,5.5%,3
Keke Coutee,WR,66.77296500000001,84.7,48.72,12.737221735479642,-49.670694999999995,233.0,277.0,330.0,97.0,,5,69%,1.60,6.7%,2
Nick Boyle,TE,27.074643333333334,46.326666666666675,7.993333333333333,13.681666270983468,-50.07964266666668,234.0,,,,,,,,,
Brevin Jordan,TE,26.430858,41.580000000000005,11.579999999999998,11.525485724421163,-50.72342800000001,235.0,,,,257.2,5,71%,2.70,7%,0
Jerick McKinnon,RB,41.158554,46.3,35.93,3.6660899537632727,-52.191326,236.0,235.5,247.0,11.0,218.6,4,21%,0.30,1.4%,2
Jacob Harris,TE,24.738535999999993,28.9,20.63,2.916154449219725,-52.41575000000002,237.0,,,,341.0,,,,,
Jake Funk,RB,40.528562,43.31,37.7,1.9927929777465594,-52.821318,238.0,240.0,255.0,17.0,,,,,,
Jalen Guyton,WR,63.329212,93.1,33.89,20.78196437921728,-53.11444800000001,239.0,373.0,414.0,175.0,301.3,,,,,
Pharaoh Brown,TE,23.532475666666663,37.07666666666667,10.076666666666666,9.601638637404388,-53.62181033333335,240.0,,,,,,,,,
Kyle Juszczyk,RB,39.302416,58.46,20.06,13.643833663708453,-54.047464,241.0,353.5,401.0,160.0,,,,,,
Hunter Long,TE,22.48344133333333,37.556666666666665,7.623333333333334,10.577887696274841,-54.67084466666668,242.0,,,,,1,29%,0.80,2%,5
Boston Scott,RB,38.63361999999999,60.29999999999999,17.633333333333336,15.401579151576197,-54.716260000000005,243.0,238.8,253.0,10.0,206.6,,,,,
Kylen Granson,TE,22.420680666666666,35.64333333333334,9.11,9.258559186265527,-54.733605333333344,244.0,423.0,459.0,215.0,326.8,,,,,
Kendrick Bourne,WR,61.43807866666666,94.14,29.47333333333333,24.0293106056756,-55.005581333333346,245.0,320.5,380.0,135.0,248.2,0,5%,0.40,0.3%,5
Larry Rountree,RB,38.111041,48.52,27.7,7.308531686072041,-55.238839,246.0,,,,,1,30%,0.90,2.1%,0
Mike Boone,RB,37.685709499999994,42.41,33.0,3.3278794275198353,-55.664170500000004,247.0,278.0,332.0,85.0,,,,,,
Ryan Griffin,TE,21.38696,33.5,8.9,8.743984787177984,-55.76732600000001,248.0,,,,,,,,,
Denzel Mims,WR,60.23871,77.2,43.58,11.816353919712292,-56.20495000000001,249.0,261.5,294.0,45.0,300.5,7,77%,2.60,8.3%,5
Matt Breida,RB,37.12586700000001,40.8,33.42,2.6057815158433737,-56.22401299999999,250.0,360.0,406.0,156.0,275.8,,,,,
Demarcus Robinson,WR,60.18254666666667,92.48,28.94666666666667,23.732751552116515,-56.26111333333334,251.0,278.5,333.0,82.0,275.6,,,,,
Rex Burkhead,RB,36.52411466666667,41.42666666666667,31.599999999999998,3.4534364840718044,-56.82576533333333,252.0,445.0,480.0,228.0,314.8,9,39%,0.80,2.9%,3
Josh Reynolds,WR,59.397753666666674,90.57666666666667,28.109999999999996,22.736381888740638,-57.045906333333335,253.0,302.5,364.0,111.0,227.3,,,,,
Ty Johnson,RB,35.98118566666666,61.776666666666664,10.71,18.089784008531044,-57.36869433333334,254.0,210.5,215.0,-39.0,180.3,,,,,
Ian Thomas,TE,19.774073333333334,32.6,7.133333333333333,8.940811610385268,-57.38021266666668,255.0,,,,,,,,,
Jermar Jefferson,RB,35.84794,38.95,32.8,2.1676515821044693,-57.50194,256.0,396.0,434.0,178.0,,5,40%,1.00,3%,0
Jace Sternberger,TE,19.290675,24.5,14.05,3.702719023822223,-57.86361100000001,257.0,,,,,2,12%,0.40,0.7%,2
Samaje Perine,RB,35.430679000000005,52.56,18.633333333333336,13.49236510986298,-57.919200999999994,258.0,282.5,341.0,83.0,246.6,4,40%,1.10,3%,5
Chris Conley,WR,58.51403333333332,87.75333333333333,28.886666666666667,20.74039717992669,-57.929626666666685,259.0,319.0,379.0,120.0,,3,31%,0.40,2.2%,5
Wayne Gallman,RB,35.220946000000005,62.78,8.18,19.863658046419445,-58.128933999999994,260.0,,,,254.1,,,,,
Adam Shaheen,TE,18.9297,38.0,0.0,13.572522164653112,-58.224586000000016,261.0,,,,,,,,,
Marcedes Lewis,TE,18.850886666666668,28.733333333333334,8.866666666666665,7.144920269552816,-58.303399333333346,262.0,,,,,,,,,
Chuba Hubbard,RB,34.829347999999996,52.24666666666667,17.446666666666665,13.758764291793005,-58.520532,263.0,176.6,171.0,-92.0,133.1,2,35%,1.50,2.5%,5
Devin Asiasi,TE,18.522250000000007,27.8,9.3,6.570697637047379,-58.63203600000001,264.0,,,,,0,7%,0.20,0.4%,5
Adam Humphries,WR,57.76915133333333,86.40666666666668,28.206666666666663,22.529699025651265,-58.674508666666675,265.0,309.0,369.0,104.0,,2,39%,0.70,2.9%,5
Chris Manhertz,TE,18.232560666666668,31.126666666666665,5.26,9.154963488408752,-58.92172533333334,266.0,,,,,,,,,
Kahale Warring,TE,18.194097999999997,30.9,5.26,9.056227939180639,-58.96018800000002,267.0,,,,,3,9%,0.40,0.6%,0
Tommy Sweeney,TE,18.1274495,24.5,11.57,4.586485841845557,-59.026836500000016,268.0,,,,,,,,,
Richard Rodgers,TE,18.006714,21.78,14.3,2.6388099746294733,-59.14757200000001,269.0,,,,,3,27%,0.40,1.8%,5
Darrell Daniels,TE,17.902585333333334,27.360000000000003,8.293333333333333,7.279530055684028,-59.25170066666668,270.0,,,,,,,,,
DeeJay Dallas,RB,33.858816,48.18,19.38,10.856047112929456,-59.491064,271.0,418.0,454.0,183.0,329.4,,,,,
Devonta Freeman,RB,33.646545,56.7,10.0,16.536329378461687,-59.703334999999996,272.0,,,,258.5,11,21%,0.40,1.4%,4
Joshua Kelley,RB,33.617446666666666,49.29333333333333,18.16,12.643380053189011,-59.73243333333333,273.0,270.5,309.0,36.0,272.8,1,13%,0.30,0.8%,5
Mark Ingram,RB,33.22834566666667,59.23666666666667,7.77,19.110870201823857,-60.12153433333333,274.0,,,,197.1,9,74%,2.40,7.6%,5
Keelan Cole,WR,55.936085999999996,82.74,29.34,21.240030001876267,-60.50757400000001,275.0,,,,,2,6%,0.30,0.4%,5
Reggie Gilliam,TE,16.430625,30.7,1.8,10.174110986193094,-60.723661000000014,276.0,,,,,,,,,
Durham Smythe,TE,16.065188,23.98,8.18,5.748006385230971,-61.089098000000014,277.0,440.0,475.0,198.0,,,,,,
Auden Tate,WR,55.32914750000001,57.3,53.35,1.3851715546255439,-61.1145125,278.0,,,,,6,95%,3.20,16.2%,2
Josh Oliver,TE,15.737995999999999,26.2,5.12,7.416635149714727,-61.41629000000002,279.0,,,,,,,,,
Benny Snell,RB,31.230888,46.02,16.553333333333335,11.42229271917714,-62.118992,280.0,,,,,2,33%,0.60,2.3%,5
Travis Fulgham,WR,54.255102,79.1,29.44,17.599542534100024,-62.18855800000001,281.0,302.0,363.0,82.0,,,,,,
Trayveon Williams,RB,31.053442500000006,46.1,15.81,10.675428394059592,-62.296437499999996,282.0,,,,,2,7%,0.30,0.4%,1
Noah Gray,TE,14.64377333333333,25.266666666666666,4.2,8.189789815900173,-62.510512666666685,283.0,425.0,461.0,178.0,,,,,,
Kadarius Toney,WR,53.920269000000005,80.96,27.166666666666668,19.97261343623299,-62.523391000000004,284.0,243.8,258.0,-26.0,88.0,9,54%,1.10,4.5%,0
Derek Carrier,TE,14.521042499999998,25.2,3.81,7.614492629892929,-62.63324350000001,285.0,,,,,,,,,
John Bates,TE,14.515125,22.7,6.3999999999999995,5.8550304426514295,-62.639161000000016,286.0,,,,320.0,,,,,
Luke Farrell,TE,13.895794666666665,24.663333333333338,3.263333333333333,7.731588113824885,-63.258491333333346,287.0,,,,,,,,,
Dyami Brown,WR,53.044656666666654,80.9,24.666666666666668,19.871549376318285,-63.399003333333354,288.0,304.0,365.0,77.0,252.8,3,16%,0.30,1%,5
Nick Vannett,TE,13.559150666666667,22.88,4.133333333333334,6.65879711849667,-63.595135333333346,289.0,,,,,,,,,
Tyron Johnson,WR,52.741446999999994,69.1,36.79,11.471656741124665,-63.702213000000015,290.0,393.0,431.0,141.0,,,,,,
Ross Dwelley,TE,13.410499333333334,23.906666666666666,2.9066666666666667,7.6405382997970905,-63.74378666666668,291.0,,,,,,,,,
Jaylen Samuels,RB,29.26525399999999,30.4,28.14,0.8055420879656127,-64.08462600000001,292.0,397.0,435.0,143.0,,2,12%,0.30,0.7%,5
Brycen Hopkins,TE,12.702934000000003,25.093333333333334,0.6266666666666666,9.804689764057901,-64.45135200000001,293.0,,,,,1,17%,0.60,1.1%,5
JP Holtz,TE,12.179159999999998,16.2,8.1,2.8773480315040096,-64.97512600000002,294.0,,,,,,,,,
Jeff Wilson,RB,28.260976,41.43666666666667,14.836666666666666,10.81858635100218,-65.088904,295.0,,,,247.7,,,,,
Kenneth Gainwell,RB,28.209970000000002,44.669999999999995,11.270000000000001,11.78957544778861,-65.13991,296.0,177.8,176.0,-120.0,167.7,0,6%,0.40,0.4%,5
D'Wayne Eskridge,WR,51.142496666666666,75.13333333333334,27.26666666666667,19.428963366010205,-65.30116333333334,297.0,311.0,370.0,73.0,297.0,3,21%,2.00,1.4%,5
Tim Patrick,WR,51.078926,77.32333333333334,24.656666666666666,19.70742250405138,-65.364734,298.0,317.0,377.0,79.0,223.4,,,,,
Rashard Higgins,WR,50.97589,72.62,29.62,16.715931316797757,-65.46777,299.0,313.5,373.0,74.0,,5,90%,3.00,12.7%,5
Anthony McFarland,RB,27.712863,31.8,23.62,2.8813447959643774,-65.637017,300.0,,,,,1,21%,0.90,1.4%,5
Donovan Peoples-Jones,WR,50.678512,73.6,27.04,16.394853681135917,-65.76514800000001,301.0,271.3,314.0,13.0,238.4,,,,,
Amari Rodgers,WR,50.66829700000001,56.62,44.6,4.268394535395128,-65.775363,302.0,259.5,291.0,-11.0,,1,18%,0.70,1.2%,5
La'Mical Perine,RB,27.469125999999996,35.83,19.3,5.8165018388309635,-65.880754,303.0,255.0,284.0,-19.0,,3,5%,0.40,0.3%,5
Juwan Johnson,TE,10.877764,17.34,4.4,4.582288419589496,-66.27652200000001,304.0,259.0,288.0,-16.0,334.0,,,,,
Juwan Johnson,TE,10.855119000000004,17.34,4.4,4.556160539954557,-66.29916700000001,305.0,259.0,288.0,-17.0,334.0,,,,,
Juwan Johnson,WR,10.877764,17.34,4.4,4.582288419589496,-105.56589600000001,453.0,,,,334.0,,,,,
Juwan Johnson,WR,10.855119000000004,17.34,4.4,4.556160539954557,-105.588541,454.0,,,,334.0,,,,,
Blake Bell,TE,10.612803333333332,16.986666666666665,4.12,4.674389436444554,-66.54148266666668,306.0,,,,,,,,,
Tommy Tremble,TE,10.527791,15.270000000000001,5.736666666666667,3.4564531816568365,-66.626495,307.0,,,,314.3,,,,,
Preston Williams,WR,49.54029249999999,62.8,36.15,9.443618338695382,-66.90336750000002,308.0,372.0,413.0,105.0,,,,,,
Tre' McKitty,TE,10.214669999999998,16.099999999999998,4.366666666666666,4.199514656082957,-66.93961600000002,309.0,,,,,,,,,
Elijah Mitchell,RB,26.386332999999997,43.7,9.19,12.112818767863697,-66.963547,310.0,219.0,226.0,-84.0,48.1,,,,,
Alize Mack,TE,9.6461125,10.09,9.2,0.3132413603656933,-67.50817350000001,311.0,,,,,,,,,
Johnny Mundt,TE,9.613338999999998,11.2,8.02,1.12350753494536,-67.54094700000002,312.0,,,,,,,,,
Olamide Zaccheaus,WR,48.85292066666667,71.89666666666666,26.363333333333333,17.951412451414996,-67.59073933333335,313.0,307.0,366.0,53.0,,,,,,
Byron Pringle,WR,48.80451000000001,61.0,36.733333333333334,9.59708350338847,-67.63915,314.0,267.0,301.0,-13.0,254.6,,,,,
Noah Togiai,TE,9.405104,15.6,3.08,4.4401533519895455,-67.74918200000002,315.0,,,,,,,,,
Richie James,WR,48.675453999999995,67.3,29.98,13.23277409517309,-67.76820600000002,316.0,,,,,,,,,
Jeremy Sprinkle,TE,8.72613,17.1,0.0,6.063726306744064,-68.42815600000002,317.0,,,,,,,,,
Stephen Anderson,TE,8.707493000000001,11.603333333333333,5.736666666666667,2.2893509100606315,-68.44679300000001,318.0,355.0,403.0,85.0,,,,,,
Antony Auclair,TE,8.637025000000003,17.3,0.0,6.121962258898286,-68.517261,320.0,,,,,,,,,
Josiah Deguara,TE,8.397663333333334,14.966666666666667,1.8999999999999997,5.1102419149075295,-68.75662266666669,322.0,,,,249.2,,,,,
Zach Gentry,TE,8.383321666666667,11.966666666666667,4.8133333333333335,2.6004213045149047,-68.77096433333335,323.0,,,,,,,,,
Charlie Woerner,TE,8.293118000000002,13.113333333333335,3.513333333333333,3.530221178193356,-68.861168,324.0,429.0,465.0,141.0,,,,,,
Tony Jones,RB,24.143359999999998,47.8,0.6,16.896582136941184,-69.20652,325.0,,,,,,,,,
Daniel Brown,TE,7.414060000000001,14.8,0.0,5.216324981862231,-69.740226,326.0,,,,,,,,,
Brandon Dillon,TE,7.173702499999999,11.5,2.85,3.0737939917947905,-69.98058350000001,327.0,434.0,470.0,143.0,,,,,,
Greg Ward,WR,46.024069,54.67,37.0,6.251922430999844,-70.41959100000001,328.0,405.0,442.0,114.0,,,,,,
Colby Parkinson,TE,6.584337666666666,10.686666666666667,2.533333333333333,2.9182672631361806,-70.56994833333334,329.0,,,,,,,,,
Zach Davidson,TE,6.322621999999999,6.83,5.8,0.36429869628644035,-70.83166400000002,330.0,,,,,,,,,
Dare Ogunbowale,RB,22.4358,29.5,15.2,5.060139411122978,-70.91408,331.0,,,,,,,,,
Ricky Seals-Jones,TE,6.210625,11.5,1.0,3.703553139807096,-70.94366100000002,332.0,,,,,,,,,
Cethan Carter,TE,5.794842500000001,5.9,5.69,0.07358228518977919,-71.35944350000001,333.0,,,,,,,,,
Travis Homer,RB,21.903684,25.0,18.78,2.2021361647600264,-71.446196,334.0,,,,,,,,,
Demetrius Harris,TE,5.69384,10.1,1.3,3.129257109027636,-71.46044600000002,335.0,,,,,,,,,
Mason Schreck,TE,5.601796,8.8,2.32,2.307311330181517,-71.55249,336.0,,,,,,,,,
Kaden Smith,TE,5.600079999999998,5.8,5.4,0.1419013516496582,-71.55420600000002,337.0,,,,,,,,,
Mohamed Sanu,WR,44.73853200000002,70.7,19.23,18.27225885570736,-71.70512799999999,338.0,,,,,6,71%,1.70,7%,5
Brian Hill,RB,21.60411466666666,33.42666666666667,9.966666666666667,8.992629557128463,-71.74576533333334,339.0,267.0,302.0,-37.0,,,,,,
Luke Stocker,TE,4.794709999999999,9.7,0.0,3.3993969341487613,-72.35957600000002,340.0,,,,,,,,,
Eric Tomlinson,TE,4.630719999999999,7.3,1.94,1.9067291264361597,-72.52356600000002,341.0,,,,,,,,,
Tutu Atwell,WR,43.638259999999995,49.15,38.1,3.8918683556101943,-72.80540000000002,342.0,,,,,0,6%,0.40,0.4%,5
JaMycal Hasty,RB,20.26619,34.8,5.9,10.155855989718443,-73.08368999999999,343.0,277.0,328.0,-15.0,,,,,,
Eric Saubert,TE,4.02793,6.273333333333333,1.8333333333333333,1.699476300900434,-73.12635600000002,344.0,,,,,,,,,
Ty Montgomery,RB,20.150283333333334,30.566666666666666,9.833333333333334,8.356227825716445,-73.19959666666666,345.0,391.0,429.0,84.0,,9,49%,1.50,3.9%,2
Ty Montgomery,RB,20.115113333333337,30.566666666666666,9.833333333333334,8.205470250485343,-73.23476666666666,346.0,391.0,429.0,83.0,,9,49%,1.50,3.9%,2
Ty Montgomery,WR,20.150283333333334,30.566666666666666,9.833333333333334,8.356227825716445,-96.29337666666667,427.0,,,,,9,49%,1.50,3.9%,2
Ty Montgomery,WR,20.115113333333337,30.566666666666666,9.833333333333334,8.205470250485343,-96.32854666666667,428.0,,,,,9,49%,1.50,3.9%,2
Garrett Griffin,TE,3.857579499999999,5.47,2.3,1.1216612963277952,-73.29670650000001,347.0,,,,,,,,,
Deon Yelder,TE,3.7049250000000016,5.73,1.7,1.432741516944002,-73.44936100000001,348.0,,,,,,,,,
Trevon Wesco,TE,3.701726666666666,5.553333333333334,1.8333333333333333,1.4963831285840907,-73.45255933333334,349.0,,,,,,,,,
Trevon Wesco,TE,3.6610080000000003,5.553333333333334,1.8333333333333333,1.5134252650279394,-73.49327800000002,350.0,,,,,,,,,
Trevon Wesco,RB,3.701726666666666,5.553333333333334,1.8333333333333333,1.4963831285840907,-89.64815333333333,409.0,,,,,,,,,
Trevon Wesco,RB,3.6610080000000003,5.553333333333334,1.8333333333333333,1.5134252650279394,-89.688872,410.0,,,,,,,,,
Patrick Ricard,RB,19.501053500000005,25.1,13.97,3.9368699175408057,-73.8488265,351.0,,,,,,,,,
Sean McKeon,TE,2.8200416666666666,4.816666666666666,0.8166666666666668,1.4139587544815442,-74.33424433333334,352.0,,,,,,,,,
N'Keal Harry,WR,41.874348,64.67333333333333,18.666666666666668,16.517283169570742,-74.56931200000001,353.0,368.0,410.0,57.0,,5,53%,0.90,4.3%,2
Eno Benjamin,RB,18.453752500000004,23.85,13.0,3.843994030464115,-74.89612749999999,354.0,299.0,361.0,7.0,,,,,,
Peyton Barber,RB,18.096358,23.709999999999997,12.51,3.995887235125135,-75.253522,355.0,,,,,,,,,
Kevin Rader,TE,1.84985,2.0,1.7,0.10676365252275703,-75.30443600000001,356.0,,,,,,,,,
Kylin Hill,RB,17.597487500000003,32.3,3.05,10.383460688751306,-75.7523925,357.0,,,,,3,47%,2.20,3.7%,0
Collin Johnson,WR,39.734341,44.59,34.9,3.423859586887145,-76.70931900000001,358.0,,,,,,,,,
Rico Dowdle,RB,16.39951,27.0,5.6,7.570682978430678,-76.95036999999999,359.0,,,,,,,,,
Kene Nwangwu,RB,16.122633333333333,23.75333333333333,8.353333333333333,5.529731302995954,-77.22724666666667,360.0,,,,292.0,,,,,
Isaiah McKenzie,WR,39.07293666666667,45.333333333333336,32.800000000000004,4.374232925565348,-77.37072333333333,361.0,,,,,,,,,
JJ Taylor,RB,15.942452,29.0,3.02,9.188742204877444,-77.407428,362.0,,,,,,,,,
Ameer Abdullah,RB,15.846935000000004,24.560000000000002,7.099999999999999,6.246100158961189,-77.502945,363.0,343.0,393.0,30.0,,4,7%,0.20,0.4%,4
Albert Wilson,WR,38.5775605,70.3,6.13,22.966502839926232,-77.86609950000002,364.0,379.0,420.0,56.0,,6,95%,3.10,16.2%,5
Brandon Bolden,RB,15.385533333333335,27.86666666666667,2.893333333333333,9.882842941178414,-77.96434666666667,365.0,,,,,,,,,
Jaret Patterson,RB,15.246973333333333,25.61,4.943333333333333,7.836558790506625,-78.10290666666667,366.0,277.0,329.0,-37.0,305.4,,,,,
Damiere Byrd,WR,38.22332166666667,62.856666666666676,13.656666666666666,17.422902020261773,-78.22033833333333,367.0,377.0,418.0,51.0,,,,,,
Chris Evans,RB,14.920894666666666,27.213333333333335,2.5466666666666664,9.216928469314515,-78.42898533333333,368.0,297.0,360.0,-8.0,,,,,,
Khalil Herbert,RB,14.652080666666665,17.986666666666668,11.386666666666665,2.3403183923331645,-78.69779933333334,369.0,,,,248.0,2,45%,1.10,3.5%,0
Scotty Miller,WR,37.72231050000001,50.7,24.69,9.104387919519343,-78.7213495,370.0,296.0,357.0,-13.0,,,,,,
Freddie Swain,WR,37.5293845,46.9,27.91,6.730933038120328,-78.9142755,371.0,,,,,,,,,
CJ Ham,RB,13.908094,20.706666666666667,7.173333333333333,4.773688298073514,-79.441786,372.0,,,,,,,,,
Dede Westbrook,WR,36.8969755,39.09,34.7,1.5438500785049531,-79.5466845,373.0,414.0,450.0,77.0,,,,,,
Royce Freeman,RB,13.712077999999996,20.16,7.159999999999999,4.590026257214221,-79.63780200000001,374.0,244.0,259.0,-115.0,,2,31%,0.50,2.2%,5
D'Ernest Johnson,RB,13.444802666666664,17.513333333333332,9.433333333333332,2.8873490742574077,-79.90507733333334,375.0,,,,292.4,,,,,
Alec Ingold,RB,13.332943000000002,16.6,10.06,2.3120060658984007,-80.016937,376.0,,,,,,,,,
Alex Collins,RB,12.942480000000005,18.8,7.12,4.142659890649967,-80.4074,377.0,270.0,307.0,-70.0,,,,,,
Keith Smith,RB,12.127031999999998,18.5,5.82,4.503511171405707,-81.222848,378.0,,,,,,,,,
Dexter Williams,RB,11.23988,21.32,1.2,7.120575734138357,-82.11,379.0,,,,,,,,,
Demetric Felton,RB,11.079485666666669,18.12,3.966666666666667,5.065971771526729,-82.27039433333333,380.0,420.0,456.0,76.0,,,,,,
Demetric Felton,RB,10.974006,18.12,3.966666666666667,5.055223313538362,-82.375874,381.0,420.0,456.0,75.0,,,,,,
Demetric Felton,WR,11.079485666666669,18.12,3.966666666666667,5.065971771526729,-105.36417433333334,451.0,,,,,,,,,
Demetric Felton,WR,10.974006,18.12,3.966666666666667,5.055223313538362,-105.469654,452.0,,,,,,,,,
Ke'Shawn Vaughn,RB,10.231251,11.666666666666666,8.78,1.1371759096302752,-83.118629,382.0,313.0,372.0,-10.0,282.5,1,6%,0.50,0.4%,5
Christian Blake,WR,33.31296,36.9,29.7,2.547078333777742,-83.13070000000002,383.0,,,,,,,,,
Gary Brightwell,RB,9.976740999999997,10.6,9.34,0.4453817114779186,-83.37313900000001,384.0,,,,,,,,,
Gerrid Doaks,RB,9.229978,16.0,2.53,4.808681333225982,-84.119902,385.0,426.0,462.0,77.0,,,,,,
Reggie Bonnafon,RB,9.207892666666666,12.706666666666665,5.706666666666667,2.477532615601345,-84.14198733333333,386.0,,,,,,,,,
Dwayne Washington,RB,9.2044,13.2,5.2,2.8354859618767287,-84.14547999999999,387.0,,,,,,,,,
Alex Armah,RB,8.7385955,11.8,5.73,2.146979486366777,-84.6112845,388.0,,,,,,,,,
Elijhaa Penny,RB,8.636894333333334,11.38,5.866666666666667,2.229337589297946,-84.71298566666667,389.0,,,,,,,,,
Gabe Nabers,RB,8.269632000000001,9.9,6.66,1.1445492495196528,-85.080248,390.0,,,,,,,,,
Jordan Howard,RB,8.25065,8.9,7.6,0.45713026316357597,-85.09923,391.0,,,,337.6,5,18%,0.30,1.2%,5
Quez Watkins,WR,31.337252000000003,53.60666666666666,9.74,16.755296054934274,-85.106408,392.0,291.0,350.0,-42.0,292.7,,,,,
Taysom Hill,QB,123.14011149999997,162.63,83.8,27.92898034094814,-85.48242850000007,393.0,247.0,267.0,-126.0,255.0,9,58%,1.60,5%,5
Mac Jones,QB,123.09904000000002,208.6866666666667,37.019999999999996,60.33798558205787,-85.52350000000003,394.0,177.0,172.0,-222.0,125.6,1,7%,2.20,0.4%,5
Marquise Goodwin,WR,30.604341333333334,48.82,12.133333333333333,13.104554059882405,-85.83931866666667,395.0,352.0,399.0,4.0,,15,95%,2.40,16.2%,2
D'Onta Foreman,RB,7.004410000000001,7.7,6.3,0.49341823223306225,-86.34546999999999,396.0,335.0,389.0,-7.0,242.0,,,,,
Derrick Gore,RB,6.678560000000002,13.4,0.0,4.754591920070533,-86.67132,397.0,,,,337.6,,,,,
Derek Watt,RB,6.643039999999999,10.9,2.42,2.9878735780484424,-86.70684,398.0,,,,,,,,,
Buddy Howell,RB,5.8543433333333335,9.196666666666667,2.53,2.440734359871134,-87.49553666666667,399.0,,,,,,,,,
Devin Duvernay,WR,28.63587,39.2,18.04,7.474436793705598,-87.80779000000001,400.0,424.0,460.0,60.0,,,,,,
Michael Burton,RB,5.249023333333333,8.65,1.7833333333333334,2.4429833404421277,-88.10085666666667,401.0,,,,,,,,,
Dez Fitzpatrick,WR,28.1941185,28.4,27.99,0.14435865217488703,-88.2495415,402.0,387.0,426.0,24.0,,,,,,
Andy Janovich,RB,4.723519333333333,6.670000000000001,2.8033333333333332,1.5045459547147255,-88.62636066666667,403.0,,,,,,,,,
Kalif Raymond,WR,27.703204333333332,44.51,10.976666666666667,11.981617885931353,-88.74045566666668,404.0,,,,,,,,,
Nick Bellore,RB,4.4568200000000004,7.0,1.95,1.8087676018770347,-88.89305999999999,405.0,,,,,,,,,
Antonio Williams,RB,4.345274,6.67,2.0,1.6625800792515228,-89.004606,406.0,384.0,423.0,17.0,,,,,,
Trey Edmunds,RB,4.206300000000001,8.4,0.0,2.984949632740894,-89.14358,407.0,,,,,,,,,
Corey Clement,RB,4.139384000000001,5.676666666666667,2.61,1.084298013816415,-89.21049599999999,408.0,419.0,455.0,47.0,,,,,,
Khari Blasingame,RB,3.2806899999999994,4.666666666666667,1.9000000000000001,0.9929257337731202,-90.06919,411.0,,,,,,,,,
Dontrell Hilliard,RB,2.8472400000000007,4.0,1.7,0.8151174040590717,-90.50264,412.0,,,,331.8,,,,,
Devine Ozigbo,RB,2.820935,3.62,2.0,0.572365596253828,-90.528945,413.0,,,,,,,,,
Jakob Johnson,RB,2.6468499999999993,3.4,1.9,0.5335987045524004,-90.70303,414.0,,,,,,,,,
Jonathan Williams,RB,2.298860000000001,2.5,2.1,0.14111945436402448,-91.05102,415.0,353.0,400.0,-15.0,,,,,,
Jamal Agnew,WR,24.835295000000002,26.6,23.05,1.2595827733718021,-91.608365,416.0,,,,288.0,,,,,
Simi Fehoko,WR,24.559160000000002,36.0,13.1,8.05090007976748,-91.8845,417.0,427.0,463.0,46.0,,,,,,
Miles Boykin,WR,24.295444500000002,27.6,21.01,2.3277993620412714,-92.1482155,418.0,,,,,1,5%,0.20,0.3%,5
Nathan Cottrell,RB,1.09464,1.9,0.3,0.565942815485805,-92.25524,419.0,,,,,,,,,
Cedrick Wilson,WR,24.11109,25.74,22.5,1.142610875101405,-92.33257,420.0,,,,,2,63%,1.30,5.7%,1
Cullen Gillaspia,RB,0.8493199999999999,1.7,0.0,0.5981484243897998,-92.50056,421.0,,,,,,,,,
Taiwan Jones,RB,0.647205,1.3,0.0,0.45846039957121715,-92.702675,422.0,,,,,,,,,
Javon Wims,WR,23.427210500000005,34.0,13.07,7.452916366509808,-93.01644950000001,423.0,,,,,,,,,
Cam Sims,WR,22.580272499999996,23.5,21.65,0.6526774764336138,-93.86338750000002,424.0,375.0,416.0,-8.0,,,,,,
Tyler Johnson,WR,21.877519000000003,25.92,17.9,2.8327588839573,-94.566141,425.0,385.0,424.0,-1.0,254.8,1,5%,0.80,0.3%,5
Andy Isabella,WR,20.77694,26.9,14.66,4.361545643049032,-95.66672000000001,426.0,416.0,452.0,26.0,,1,6%,0.30,0.4%,5
Ihmir Smith-Marsette,WR,19.679709000000003,34.2,4.99,10.239827453395835,-96.763951,429.0,,,,,,,,,
John Ross,WR,18.729276499999997,29.59,7.7,7.747333883281898,-97.71438350000001,430.0,,,,,8,91%,3.60,13.2%,0
Noah Brown,WR,18.662552,19.82,17.5,0.8212236037133858,-97.781108,431.0,,,,,,,,,
Zay Jones,WR,18.494120000000002,26.333333333333332,10.733333333333334,6.343120234907177,-97.94954000000001,432.0,417.0,453.0,21.0,275.3,5,34%,0.60,2.4%,5
Ray-Ray McCloud,WR,17.77710533333333,25.386666666666667,10.066666666666666,5.43547521328524,-98.66655466666668,433.0,,,,,,,,,
Chris Moore,WR,17.48836,26.8,8.0,6.642226773484929,-98.95530000000001,434.0,,,,,,,,,
Frank Darby,WR,16.842969999999998,20.1,13.66,2.2754438202469425,-99.60069000000001,435.0,,,,,,,,,
Shi Smith,WR,16.215097,18.91,13.51,1.9678356767248124,-100.22856300000001,436.0,376.0,417.0,-19.0,,,,,,
Cameron Batson,WR,15.988288000000006,16.67,15.3,0.4849378919573107,-100.455372,437.0,,,,,,,,,
KJ Osborn,WR,15.79928,23.0,8.52,5.157087717074434,-100.64438000000001,438.0,,,,277.2,,,,,
Phillip Dorsett,WR,15.386232000000001,21.16,9.693333333333333,4.237433318250618,-101.057428,439.0,,,,,7,34%,0.90,2.4%,3
Anthony Schwartz,WR,14.593041333333334,17.206666666666667,12.0,1.9458208514267472,-101.85061866666668,440.0,381.0,422.0,-18.0,281.2,,,,,
Tylan Wallace,WR,14.438146666666668,23.8,4.866666666666666,7.074473168342643,-102.00551333333334,441.0,362.0,407.0,-34.0,,2,79%,3.00,8.8%,0
Jaelon Darden,WR,14.350660499999998,18.3,10.41,2.797054492897797,-102.0929995,442.0,,,,,,,,,
Alex Erickson,WR,14.123224999999998,21.6,6.85,5.205567149636532,-102.320435,443.0,,,,,,,,,
Trent Sherfield,WR,13.945289,24.3,3.71,7.3070307096302125,-102.498371,444.0,438.0,473.0,29.0,,,,,,
Diontae Spencer,WR,13.435856000000003,13.97,12.9,0.37663294766124766,-103.00780400000001,445.0,,,,,,,,,
Nick Westbrook-Ikhine,WR,13.043984499999999,18.1,7.93,3.6323686233998544,-103.39967550000001,446.0,,,,,,,,,
Braxton Berrios,WR,12.755322666666668,19.46666666666667,5.913333333333334,5.065335392898765,-103.68833733333334,447.0,,,,239.9,,,,,
Steven Sims,WR,11.777338999999998,16.0,7.59,2.970951862464116,-104.66632100000001,448.0,,,,,,,,,
Tavon Austin,WR,11.307920000000001,14.9,7.7,2.5440442750864225,-105.13574000000001,449.0,,,,,,,,,
Penny Hart,WR,11.198103000000001,12.3,10.08,0.7882146734177183,-105.245557,450.0,,,,,,,,,
KhaDarel Hodge,WR,10.80616,19.5,2.06,6.1560420900445445,-105.6375,455.0,,,,,,,,,
Lil'Jordan Humphrey,WR,9.752687333333336,12.733333333333334,6.813333333333333,2.0972598663800452,-106.69097266666667,456.0,,,,,,,,,
Malik Turner,WR,9.559180000000001,17.2,1.9,5.414765759254966,-106.88448000000001,457.0,,,,,,,,,
JJ Arcega-Whiteside,WR,9.4542915,10.0,8.91,0.3835570107920724,-106.98936850000001,458.0,,,,,6,63%,1.50,5.7%,5
Tajae Sharpe,WR,8.968279999999998,11.3,6.71,1.6184941401191422,-107.47538000000002,459.0,,,,,,,,,
Gunner Olszewski,WR,8.9462715,11.6,6.31,1.8659703791292481,-107.49738850000001,460.0,,,,,,,,,
Trent Taylor,WR,8.333938500000002,9.3,7.37,0.6788682683096554,-108.1097215,461.0,,,,,,,,,
James Proche,WR,8.272425333333333,12.866666666666667,3.653333333333333,3.275718099725514,-108.17123466666668,462.0,,,,,,,,,
Antoine Wesley,WR,7.79225,10.9,4.7,2.1878484722439073,-108.65141000000001,463.0,,,,,,,,,
Cyril Grayson,WR,7.169795,12.5,1.8,3.805224160016727,-109.27386500000001,464.0,,,,,,,,,
John Ursua,WR,7.163372,9.2,5.13,1.4435587170655717,-109.28028800000001,465.0,,,,,,,,,
Gehrig Dieter,WR,6.9917405,12.17,1.8,3.6879105185944727,-109.4519195,466.0,,,,,,,,,
Brandon Zylstra,WR,6.800671999999999,9.8,3.83,2.108553291576004,-109.642988,467.0,,,,,,,,,
Jake Kumerow,WR,6.763099999999999,11.3,2.3,3.1836752959433543,-109.68056000000001,468.0,,,,,,,,,
DeAndre Carter,WR,6.602879999999999,10.2,3.0,2.5527004731460368,-109.84078000000001,469.0,,,,,,,,,
Laquon Treadwell,WR,5.545764999999999,9.4,1.7,2.7177258534986564,-110.897895,470.0,,,,273.8,,,,,
Dante Pettis,WR,5.244742499999999,8.95,1.5,2.624663415791394,-111.19891750000001,471.0,,,,,4,92%,2.90,13.8%,4
Equanimeous St Brown,WR,5.187225499999999,6.29,4.1,0.7772568781617505,-111.25643450000001,472.0,,,,,6,90%,2.50,12.7%,1
Jason Moore,WR,5.17178,8.6,1.8,2.412877044443003,-111.27188000000001,473.0,,,,,,,,,
Joe Reed,WR,5.0140649999999996,7.72,2.3,1.9110741497322914,-111.429595,474.0,,,,,,,,,
Kelvin Harmon,WR,4.944391,7.99,1.9,2.1509858447044694,-111.49926900000001,475.0,,,,,0,5%,0.20,0.3%,5
Ashton Dulin,WR,4.859609999999999,6.4,3.3,1.0964117145944767,-111.58405,476.0,,,,,,,,,
Malik Taylor,WR,4.831519999999999,7.7,1.94,2.028681485497416,-111.61214000000001,477.0,,,,,,,,,
Stanley Morgan,WR,4.392739999999999,5.5,3.3,0.7784056091781457,-112.05092,478.0,,,,,,,,,
Jauan Jennings,WR,4.351979999999999,4.8,3.9,0.31691651834513135,-112.09168000000001,479.0,,,,,,,,,
Nsimba Webster,WR,4.342712000000001,6.6,2.08,1.59901757496783,-112.100948,480.0,,,,,,,,,
Mack Hollins,WR,3.9965,5.0,3.0,0.7012044994151135,-112.44716000000001,481.0,,,,,,,,,
Dax Milne,WR,3.59292,4.8,2.4,0.851970582590737,-112.85074,482.0,,,,,,,,,
John Hightower,WR,3.2958000000000007,4.86,1.7,1.1159990860211313,-113.14786000000001,483.0,,,,,,,,,
Andy Dalton,QB,75.0680225,75.53,74.6,0.3302016535297054,-133.55451750000003,484.0,238.0,250.0,-234.0,,6,21%,0.70,1.4%,5
Drew Lock,QB,68.03343866666667,118.61333333333334,17.5,37.629249380826884,-140.58910133333336,485.0,296.0,358.0,-127.0,329.5,5,34%,0.80,2.4%,1
Jimmy Garoppolo,QB,67.84939633333333,97.12333333333333,39.19,22.061204079082355,-140.77314366666673,486.0,262.3,296.0,-190.0,186.2,8,21%,0.50,1.4%,3
Davis Mills,QB,43.372422666666665,60.28,26.26666666666667,12.488151383416628,-165.25011733333338,487.0,439.0,474.0,-13.0,265.5,2,10%,0.90,0.6%,5
Jacob Eason,QB,39.508559000000005,59.79,19.3,14.260828042526809,-169.11398100000002,488.0,395.0,433.0,-55.0,,,,,,
PJ Walker,QB,20.18559,27.27,12.9,5.088704919417119,-188.43695000000005,489.0,,,,,,,,,
Marcus Mariota,QB,18.055090000000003,23.09,13.0,3.5787368123263827,-190.56745000000004,490.0,359.0,405.0,-85.0,338.3,11,46%,1.00,3.6%,4
Taylor Heinicke,QB,16.578945,22.400000000000002,10.766666666666666,4.202609856225256,-192.04359500000004,491.0,437.0,472.0,-19.0,,5,16%,0.60,1%,2
Kellen Mond,QB,15.631130999999996,16.5,14.76,0.6162267852333263,-192.99140900000003,492.0,,,,,,,,,
Mitchell Trubisky,QB,14.981777500000002,18.85,11.2,2.68887518360257,-193.64076250000005,493.0,378.0,419.0,-74.0,315.0,,,,,
Trace McSorley,QB,14.719501999999999,20.28,9.2,3.9169261764802266,-193.90303800000004,494.0,292.0,354.0,-140.0,,,,,,
Jordan Love,QB,13.5646415,18.29,9.0,3.3015485986091053,-195.05789850000005,495.0,388.0,427.0,-68.0,332.0,,,,,
Joe Flacco,QB,13.49996,20.5,6.6,4.918067506490735,-195.12258000000006,496.0,448.0,483.0,-13.0,,7,70%,2.50,6.8%,5
John Wolford,QB,13.487079999999999,17.74,9.2,3.0247276726343477,-195.13546000000005,497.0,443.0,478.0,-19.0,,,,,,
Jacoby Brissett,QB,12.901358666666667,21.540000000000003,4.333333333333333,6.090047711418871,-195.7211813333334,498.0,449.0,484.0,-14.0,,,,,,
Tim Boyle,QB,12.403596,13.659999999999998,11.133333333333333,0.9801343682858542,-196.21894400000005,499.0,,,,,,,,,
Mason Rudolph,QB,12.176498666666667,17.113333333333333,7.233333333333333,3.752089565176894,-196.44604133333337,500.0,,,,,5,62%,2.20,5.5%,5
Gardner Minshew,QB,11.851047999999997,19.726666666666667,4.033333333333333,5.547451379940803,-196.77149200000005,501.0,,,,294.8,,,,,
Brandon Allen,QB,11.496917000000002,14.69,8.3,2.244245053489257,-197.12562300000005,502.0,,,,,,,,,
Mike Glennon,QB,11.449245000000003,14.86,8.066666666666666,2.61338434005867,-197.17329500000005,503.0,444.0,479.0,-24.0,,3,5%,0.20,0.3%,5
Nick Foles,QB,9.359580000000001,18.8,0.0,6.65531623768548,-199.26296000000005,504.0,,,,,,,,,
Chase Daniel,QB,9.101329999999999,10.66,7.5,1.1097380011065676,-199.52121000000005,505.0,,,,,,,,,
Geno Smith,QB,8.564302,9.34,7.8,0.5473748192929594,-200.05823800000005,506.0,,,,,,,,,
Cooper Rush,QB,8.499099999999999,8.8,8.2,0.21225736736330314,-200.12344000000004,507.0,,,,,,,,,
Chad Henne,QB,8.441537333333333,13.926666666666668,2.9,3.955034314353964,-200.1810026666667,508.0,441.0,476.0,-32.0,,,,,,
Blaine Gabbert,QB,7.887400000000001,12.5,3.3000000000000003,3.3462317971114914,-200.73514000000003,509.0,,,,,,,,,
Colt McCoy,QB,7.7320633333333335,13.026666666666666,2.4,3.7292138761093687,-200.8904766666667,510.0,,,,,,,,,
Case Keenum,QB,6.7267339999999995,8.08,5.4,0.9554509999178398,-201.89580600000005,511.0,,,,,,,,,
Ian Book,QB,5.094729999999999,8.2,2.0,2.171985549468504,-203.52781000000004,512.0,,,,,,,,,
Kyle Allen,QB,4.213139999999999,8.6,0.0,3.046002846420206,-204.40940000000003,513.0,,,,,,,,,
Justin Tucker,K,68.62773,134.4,3.0,46.64694401616359,,,127.8,127.0,,171.0,,,,,
Greg Zuerlein,K,68.72813000000001,128.6,8.0,42.418364486423805,,,177.6,175.0,,180.8,,,,,
Tyler Bass,K,68.13395999999999,127.6,9.0,42.02325200074834,,,155.0,152.0,,193.1,,,,,
Ryan Succop,K,70.45952,127.1,14.0,39.66560025222863,,,165.8,162.0,,210.6,,,,,
Younghoe Koo,K,68.70133500000001,126.9,10.0,41.37506644668713,,,143.2,141.0,,186.4,,,,,
Jason Myers,K,65.57382,125.1,6.0,42.368468677869394,,,193.4,191.0,,241.2,,,,,
Jason Sanders,K,65.0556,122.8,8.0,40.415633072364464,,,163.4,158.0,,211.6,,,,,
Daniel Carlson,K,64.117935,122.1,5.0,41.14386071561315,,,183.6,179.0,,234.2,,,,,
Mason Crosby,K,63.39633999999999,121.3,6.0,40.42003609108235,,,195.0,193.0,,254.3,,,,,
Matt Gay,K,66.78624,120.8,12.0,38.48389921333855,,,209.0,211.0,,218.2,,,,,
Robbie Gould,K,62.493990000000004,119.2,5.0,40.60337558479468,,,227.8,236.0,,234.3,,,,,
Tampa Bay Buccaneers,DST,69.22024000000002,119.2,19.0,34.98380222820842,,,105.4,100.0,,140.4,,,,,
Matt Prater,K,60.7663,118.0,4.0,40.39700588298594,,,207.2,207.0,,220.7,,,,,
Brandon McManus,K,63.14961500000001,116.9,9.0,38.2659675377714,,,195.5,195.0,,258.7,,,,,
Cairo Santos,K,59.862230000000004,115.9,5.0,39.07898064723669,,,249.5,274.0,,291.4,,,,,
Pittsburgh Steelers,DST,58.8134,115.4,2.0,39.907939641630215,,,111.2,109.0,,278.6,,,,,
Graham Gano,K,60.837,114.0,6.0,38.15549018162393,,,229.5,239.0,,284.0,,,,,
Chris Boswell,K,58.37068000000001,113.2,4.0,38.74609126528249,,,239.5,254.0,,252.3,,,,,
Washington Commanders,DST,57.079604999999994,111.3,3.0,38.44643555381922,,,120.0,117.0,,306.1,,,,,
Evan McPherson,K,61.34048000000001,111.2,11.0,35.460642681282586,,,248.8,271.0,,281.7,,,,,
Dustin Hopkins,K,61.15979,110.9,11.0,35.17779453228841,,,286.3,344.0,,265.7,,,,,
Indianapolis Colts,DST,58.634719999999994,110.6,6.0,37.11307056175223,,,151.8,149.0,,150.1,,,,,
New Orleans Saints,DST,59.98695,108.1,11.0,34.07224333966726,,,189.2,186.0,,168.7,,,,,
Green Bay Packers,DST,61.64973500000001,107.9,15.0,33.04425413259883,,,207.4,208.0,,212.3,,,,,
Arizona Cardinals,DST,55.40113999999999,107.6,4.0,36.629622366336235,,,227.0,234.0,,225.1,,,,,
Philadelphia Eagles,DST,65.82493000000001,107.3,24.0,29.538700326776397,,,289.0,347.0,,233.2,,,,,
Baltimore Ravens,DST,55.818629999999985,106.8,3.0,36.66898299548407,,,123.8,123.0,,288.9,,,,,
Seattle Seahawks,DST,56.969305000000006,106.7,6.0,35.56537784231984,,,222.6,229.0,,263.6,,,,,
New England Patriots,DST,53.13186000000001,106.2,0.0,37.6223763861402,,,158.8,155.0,,190.7,,,,,
Buffalo Bills,DST,57.030514999999994,106.1,9.0,34.38442175731293,,,139.0,137.0,,157.1,,,,,
Kansas City Chiefs,DST,59.0632,105.0,14.0,32.176827931913984,,,186.4,181.0,,164.7,,,,,
Carolina Panthers,DST,53.01975,105.0,0.0,37.36001184338008,,,245.8,264.0,,238.7,,,,,
Cleveland Browns,DST,53.706125,104.5,2.0,36.38464107606911,,,174.4,168.0,,204.4,,,,,
Miami Dolphins,DST,68.53275,104.5,32.0,25.56432553261478,,,191.6,189.0,,181.8,,,,,
San Francisco 49ers,DST,57.576025,104.5,10.0,33.4526125877991,,,136.8,135.0,,151.8,,,,,
Dallas Cowboys,DST,65.61167999999998,104.1,27.0,27.37857367682984,,,245.7,263.0,,204.7,,,,,
Denver Broncos,DST,56.63472000000001,101.7,12.0,31.323702367721477,,,163.2,157.0,,169.0,,,,,
Atlanta Falcons,DST,52.17893999999999,98.1,6.0,32.56201198446435,,,314.0,374.0,,311.6,,,,,
Chicago Bears,DST,50.9953,98.0,4.0,33.32362942282848,,,226.4,233.0,,219.4,,,,,
Minnesota Vikings,DST,51.724,98.0,6.0,32.211957779681754,,,232.4,244.0,,247.6,,,,,
Tennessee Titans,DST,53.39246499999999,97.3,10.0,30.82398427318855,,,230.4,241.0,,263.8,,,,,
Jake Elliott,K,53.667459999999984,97.3,10.0,30.760085316013022,,,286.0,343.0,,257.1,,,,,
Greg Joseph,K,52.745825,94.5,11.0,29.689504691378314,,,430.0,466.0,,317.0,,,,,
Las Vegas Raiders,DST,53.438165000000005,92.9,14.0,27.998382617265147,,,243.0,257.0,,310.8,,,,,
Jacksonville Jaguars,DST,46.967749999999995,91.6,3.0,31.60064510318579,,,291.0,352.0,,308.4,,,,,
Houston Texans,DST,51.485719999999986,89.3,13.0,26.86048710618629,,,326.0,385.0,,310.5,,,,,
Detroit Lions,DST,49.343840000000014,87.2,11.0,26.837090454339496,,,321.0,381.0,,316.5,,,,,
Cincinnati Bengals,DST,45.554055,86.1,5.0,28.90449936959599,,,290.0,349.0,,304.0,,,,,
Joey Slye,K,36.77911999999999,71.6,2.0,24.71534219924134,,,300.0,362.0,,,,,,,
Nick Folk,K,1.5021,3.0,0.0,1.0634122389741432,,,295.0,356.0,,305.8,,,,,
Randy Bullock,K,4.0396,8.0,0.0,2.823337004326618,,,326.5,386.0,,315.5,,,,,
Brett Maher,K,1.4922,3.0,0.0,1.062115417457067,,,,,,,,,,,
Cam Akers,,,,,,,,,,,12.0,,,,,
JK Dobbins,,,,,,,,,,,57.0,3,69%,2.10,6.7%,5
Travis Etienne,,,,,,,,,,,92.1,3,60%,1.40,5.2%,5
Deshaun Watson,,,,,,,,,,,98.6,6,14%,0.60,0.9%,3
JuJu Smith-Schuster,,,,,,,,,,,112.3,12,91%,3.50,13.2%,5
Gerald Everett,,,,,,,,,,,157.1,4,34%,0.80,2.4%,5
Joshua Palmer,,,,,,,,,,,199.1,,,,,
Tre'Quan Smith,,,,,,,,,,,210.2,8,75%,1.80,7.8%,4
Los Angeles Chargers,,,,,,,,,,,214.9,,,,,
Rodrigo Blankenship,,,,,,,,,,,224.4,,,,,
Jameson Williams,,,,,,,,,,,221.9,,,,,
Eric Ebron,,,,,,,,,,,238.3,10,83%,1.70,9.9%,5
Tyrell Williams,,,,,,,,,,,226.9,7,93%,3.30,14.5%,4
Kenneth Walker,,,,,,,,,,,243.4,,,,,
Treylon Burks,,,,,,,,,,,240.7,,,,,
Los Angeles Rams,,,,,,,,,,,240.7,,,,,
Breece Hall,,,,,,,,,,,252.1,,,,,
Antonio Brown,,,,,,,,,,,225.1,6,85%,2.40,10.6%,5
Isaiah Spiller,,,,,,,,,,,264.6,,,,,
Garrett Wilson,,,,,,,,,,,264.5,,,,,
Chris Olave,,,,,,,,,,,271.5,,,,,
Wil Lutz,,,,,,,,,,,283.6,,,,,
Irv Smith,,,,,,,,,,,262.1,3,31%,0.90,2.2%,5
New York Giants,,,,,,,,,,,289.8,,,,,
Harrison Butker,,,,,,,,,,,258.1,,,,,
Ka'imi Fairbairn,,,,,,,,,,,295.3,,,,,
Le'Veon Bell,,,,,,,,,,,299.1,7,93%,3.20,14.5%,5
Chase McLaughlin,,,,,,,,,,,305.1,,,,,
New York Jets,,,,,,,,,,,307.4,,,,,
Josh Lambo,,,,,,,,,,,296.6,,,,,
Tristan Vizcaino,,,,,,,,,,,302.8,,,,,
Austin Seibert,,,,,,,,,,,308.4,,,,,
Quinn Nordin,,,,,,,,,,,305.9,,,,,
Trey McBride,,,,,,,,,,,302.8,,,,,
Jeremy McNichols,,,,,,,,,,,316.2,,,,,
Duke Johnson,,,,,,,,,,,327.4,5,10%,0.20,0.6%,5
Malik Willis,,,,,,,,,,,323.5,,,,,
Sam Howell,,,,,,,,,,,330.0,,,,,
Jalen Wydermyer,,,,,,,,,,,330.8,,,,,
Matt Corral,,,,,,,,,,,336.0,,,,,
Kenny Pickett,,,,,,,,,,,337.8,,,,,
Charlie Kolar,,,,,,,,,,,340.0,,,,,
Kyle Trask,,,,,,,,,,,340.5,,,,,
Cam Newton,,,,,,,,,,,,11,92%,3.40,13.8%,5
Ben Roethlisberger,,,,,,,,,,,,22,80%,3.50,9%,5
Tom Brady,,,,,,,,,,,,7,5%,0.50,0.3%,5
Bryce Love,,,,,,,,,,,,2,55%,1.80,4.6%,0
Kerryon Johnson,,,,,,,,,,,,6,51%,0.90,4.1%,2
Todd Gurley,,,,,,,,,,,,5,46%,0.60,3.6%,5
LeSean McCoy,,,,,,,,,,,,19,39%,0.50,2.9%,5
Lamar Miller,,,,,,,,,,,,6,34%,1.30,2.4%,5
Adrian Peterson,,,,,,,,,,,,18,29%,0.50,2%,5
DeAndre Washington,,,,,,,,,,,,2,17%,0.30,1.1%,5
Justice Hill,,,,,,,,,,,,4,15%,0.20,1%,5
Frank Gore,,,,,,,,,,,,12,11%,0.30,0.7%,5
Kalen Ballage,,,,,,,,,,,,3,10%,0.20,0.6%,5
Jalen Richard,,,,,,,,,,,,0,6%,0.30,0.4%,5
Darwin Thompson,,,,,,,,,,,,0,5%,0.30,0.3%,5
Henry Ruggs,,,,,,,,,,,,7,95%,3.80,16.2%,2
Danny Amendola,,,,,,,,,,,,18,95%,2.70,16.2%,4
Kenny Stills,,,,,,,,,,,,9,93%,3.20,14.5%,5
Travis Benjamin,,,,,,,,,,,,12,93%,3.40,14.5%,3
Josh Doctson,,,,,,,,,,,,8,87%,4.70,11.3%,1
Devin Funchess,,,,,,,,,,,,7,79%,2.90,8.8%,3
Marqise Lee,,,,,,,,,,,,12,75%,2.20,7.8%,1
Allen Hurns,,,,,,,,,,,,13,67%,1.90,6.3%,5
Willie Snead,,,,,,,,,,,,6,66%,1.40,6.1%,5
John Brown,,,,,,,,,,,,7,65%,1.40,6%,5
Golden Tate,,,,,,,,,,,,5,44%,0.90,3.4%,5
Alshon Jeffery,,,,,,,,,,,,16,44%,1.80,3.4%,3
Riley Ridley,,,,,,,,,,,,1,9%,0.20,0.6%,5
Lynn Bowden,,,,,,,,,,,,1,5%,0.20,0.3%,5
KeeSean Johnson,,,,,,,,,,,,0,5%,0.30,0.3%,5
Antonio Gandy-Golden,,,,,,,,,,,,1,5%,0.20,0.3%,5
Trey Burton,,,,,,,,,,,,6,94%,3.50,15.3%,5
Vance McDonald,,,,,,,,,,,,15,90%,3.30,12.7%,3
Tyler Eifert,,,,,,,,,,,,13,90%,4.20,12.7%,1
Dalton Keene,,,,,,,,,,,,4,58%,1.70,5%,5
Kelvin Benjamin,,,,,,,,,,,,5,41%,1.10,3.1%,3
Jesse James,,,,,,,,,,,,1,6%,0.30,0.4%,5
